,Kab,Kec,Desa/Kel,No Register,No SK
0,PASANGKAYU,BAMBALAMOTU,BAMBALAMOTU,7601011006001,460/10/KBM
1,PASANGKAYU,BAMBALAMOTU,BAMBALAMOTU,7601011006002,460/10/KBM
2,PASANGKAYU,BAMBALAMOTU,POLEWALI,7601012003001,460/10/KBM
3,PASANGKAYU,BAMBALAMOTU,POLEWALI,7601012003002,460/10/KBM
4,PASANGKAYU,BAMBALAMOTU,POLEWALI,7601012003003,460/10/KBM
5,PASANGKAYU,BAMBALAMOTU,RANDOMAYANG,7601012004001,460/10/KBM
6,PASANGKAYU,BAMBALAMOTU,RANDOMAYANG,7601012004002,460/10/KBM
7,PASANGKAYU,BAMBALAMOTU,PANGIANG,7601012007001,460/10/KBM
8,PASANGKAYU,BAMBALAMOTU,PANGIANG,7601012007002,460/10/KBM
9,PASANGKAYU,BAMBALAMOTU,KALOLA,7601012008001,460/10/KBM
10,PASANGKAYU,BAMBALAMOTU,KALOLA,7601012008002,460/10/KBM
11,PASANGKAYU,BAMBALAMOTU,WULAI,7601012009001,460/10/KBM
12,PASANGKAYU,PASANGKAYU,PASANGKAYU,7601021001001,148.1/10/X/2021/LP
13,PASANGKAYU,PASANGKAYU,PASANGKAYU,7601021001002,148.1/10/X/2021/LP
14,PASANGKAYU,PASANGKAYU,PASANGKAYU,7601021001003,148.1/10/X/2021/LP
15,PASANGKAYU,PASANGKAYU,MARTAJAYA,7601021002001,148.1/13/I/2023/LM
16,PASANGKAYU,PASANGKAYU,MARTAJAYA,7601021002002,148.1/13/I/2023/LM
17,PASANGKAYU,PASANGKAYU,PAKAVA,7601022010001,04 Tahun 2024
18,PASANGKAYU,PASANGKAYU,KARYA BERSAMA,7601022014001,32 Tahun 2023
19,PASANGKAYU,PASANGKAYU,KARYA BERSAMA,7601022014002,32 Tahun 2023
20,PASANGKAYU,PASANGKAYU,AKO,7601022015001,27 tahun 2023
21,PASANGKAYU,PASANGKAYU,AKO,7601022015002,27 tahun 2023
22,PASANGKAYU,PASANGKAYU,GUNUNG SARI,7601022016001,KPT.050/20/II/2023
23,PASANGKAYU,BARAS,BARAS,7601031001002,12.3301/08/KPTS/1/2023/KLB
24,PASANGKAYU,BARAS,BARAS,7601031001003,12.3301/08/KPTS/ I / 2023/KLB
25,PASANGKAYU,BARAS,BARAS,7601031001004,12. 3301 /08 / KPTS / I / 2023 / KLB
26,PASANGKAYU,BARAS,BALANTI,7601032002001,141 / 06 /SK /1 / 2023 /DB
27,PASANGKAYU,BARAS,BALANTI,7601032002002,141 / 07 /SK /1 / 2023 /DB
28,PASANGKAYU,BARAS,BALANTI,7601032002003,141 / 08 /SK /1 / 2023 /DB
29,PASANGKAYU,BARAS,MOTU,7601032003002,18 Tahun 2023
30,PASANGKAYU,BARAS,MOTU,7601032003003,17 Tahun 2023
31,PASANGKAYU,BARAS,MOTU,7601032003004,17 Tahun 2023
32,PASANGKAYU,BARAS,BULU PARIGI,7601032012002,1421 / 03 / KPTS / III / 2023 / DB
33,PASANGKAYU,BARAS,BULU PARIGI,7601032012003,27/01/KPTS/I/2024/DB
34,PASANGKAYU,BARAS,TOWONI,7601032013001,31 / sk /III / 2023 /OTW
35,PASANGKAYU,BARAS,TOWONI,7601032013002,31 / sk /III / 2023 /OTW
36,PASANGKAYU,BARAS,KASANO,7601032016001,27 / 2023/kasano
37,PASANGKAYU,BARAS,KASANO,7601032016002,27 / 2023/kasano
38,PASANGKAYU,SARUDU,SARUDU,7601042001001,005/SK/I/2024/SARUDU
39,PASANGKAYU,SARUDU,SARUDU,7601042001002,006/SK/I/2024/SARUDU
40,PASANGKAYU,SARUDU,BULU MARIO,7601042003001,006/SK/I/2024/DBM
41,PASANGKAYU,SARUDU,KUMASARI,7601042005001,004/SK/I/2024/DKMS
42,PASANGKAYU,SARUDU,PATIKA,7601042011001,005/SK/1/2024/PTK
43,PASANGKAYU,SARUDU,DODA,7601042012001,005/SK/2024/DODA
44,PASANGKAYU,SARUDU,DODA,7601042012002,006/SK/I/2024/DODA
45,PASANGKAYU,DAPURANG,DAPURANG,7601052001004,140/069/SK/I/2023/DPG
46,PASANGKAYU,DAPURANG,DAPURANG,7601052001005,140/069/SK/I/2023/DPG
47,PASANGKAYU,DAPURANG,DAPURANG,7601052001006,140/069/SK/I/2023/DPG
48,PASANGKAYU,DAPURANG,BENGGAULU,7601052002001,140/30/SK.TPK/I/2023
49,PASANGKAYU,DAPURANG,BENGGAULU,7601052002002,140/30/SK.TPK/I/2023
50,PASANGKAYU,DAPURANG,TIRTABUANA,7601052003001,26 Tahun 2023
51,PASANGKAYU,DAPURANG,BULU BONGGU,7601052004001,31 Tahun 2023
52,PASANGKAYU,DAPURANG,BULU BONGGU,7601052004002,31 TAHUN 2023
53,PASANGKAYU,DAPURANG,SARASA,7601052005002,141/012.a/S.Kep/I/2023/D-SRS
54,PASANGKAYU,DAPURANG,SARASA,7601052005003,141/012.a/S.Kep/I/2023/D-SRS
55,PASANGKAYU,DURIPOKU,TAMMARUNANG,7601062001003,140/022/kpts/1/2023/07
56,PASANGKAYU,DURIPOKU,TAMMARUNANG,7601062001004,140/022/kpts/1/2023/07
57,PASANGKAYU,DURIPOKU,SAPTANAJAYA,7601062002003,29/TAHUN/2023
58,PASANGKAYU,DURIPOKU,SAPTANAJAYA,7601062002004,29/TAHUN/2023
59,PASANGKAYU,DURIPOKU,TARANGGI,7601062003002,140/031/KPTS-1-2023/DTO
60,PASANGKAYU,DURIPOKU,SIPAKAINGA,7601062004002,025/KPTS/TAHUN/2023
61,PASANGKAYU,BULU TABA,LILIMORI,7601072001001,11
62,PASANGKAYU,BULU TABA,KARAVE,7601072002001,140/90/KV/1/2024
63,PASANGKAYU,BULU TABA,BUKIT HARAPAN,7601072003001,029
64,PASANGKAYU,BULU TABA,KASTABUANA,7601072004002,14
65,PASANGKAYU,BULU TABA,KASTABUANA,7601072004003,15
66,PASANGKAYU,BULU TABA,SUMBER SARI,7601072005003,26
67,PASANGKAYU,BULU TABA,LELEJAE,7601072006001,17
68,PASANGKAYU,BULU TABA,OMPI,7601072007001,14
69,PASANGKAYU,TIKKE RAYA,TIKKE,7601082001001,141/KPTS/14/I/2024/DTK
70,PASANGKAYU,TIKKE RAYA,TIKKE,7601082001002,141/KPTS/14/I/2024/DTK
71,PASANGKAYU,TIKKE RAYA,TIKKE,7601082001003,141/KPTS/14/I/2024/DTK
72,PASANGKAYU,TIKKE RAYA,MAKMUR JAYA,7601082002001,23 TAHUN 2023
73,PASANGKAYU,TIKKE RAYA,MAKMUR JAYA,7601082002002,24 TAHUN 2023
74,PASANGKAYU,TIKKE RAYA,LARIANG,7601082003004,142.3/27/SK/2024/DL
75,PASANGKAYU,TIKKE RAYA,LARIANG,7601082003005,142.3/27.1/SK/2024/DL
76,PASANGKAYU,TIKKE RAYA,LARIANG,7601082003006,142.3/27.2/SK/2024/DL
77,PASANGKAYU,TIKKE RAYA,PAJALELE,7601082004001,KPTS 07/II/2023/DPJ
78,PASANGKAYU,TIKKE RAYA,PAJALELE,7601082004002,80/X/2021/DPJ
79,PASANGKAYU,TIKKE RAYA,JENGENG RAYA,7601082005003,15 TAHUN 2024
80,PASANGKAYU,TIKKE RAYA,JENGENG RAYA,7601082005004,16 TAHUN 2024
81,PASANGKAYU,PEDONGGA,MALEI,7601092001001,0028/01/03/2023/DML
82,PASANGKAYU,PEDONGGA,MALEI,7601092001002,0028/01/03/2023/DML
83,PASANGKAYU,PEDONGGA,PEDANDA,7601092002001,140/317/IX/2021/DP
84,PASANGKAYU,PEDONGGA,BATU OGE,7601092003001,12 TAHUN 2021
85,PASANGKAYU,PEDONGGA,BATU OGE,7601092003002,12 TAHUN 2021
86,PASANGKAYU,PEDONGGA,MARTASARI,7601092004001,11 TAHUN 2024
87,PASANGKAYU,PEDONGGA,MARTASARI,7601092004002,11 TAHUN 2024
88,PASANGKAYU,BAMBAIRA,BAMBAIRA,7601102001001,29 Tahun 2024
89,PASANGKAYU,BAMBAIRA,BAMBAIRA,7601102001002,28 Tahun 2023
90,PASANGKAYU,BAMBAIRA,KASOLOANG,7601102002001,28
91,PASANGKAYU,BAMBAIRA,TAMPAURE,7601102003001,140/II/14/SK/DST/2023
92,PASANGKAYU,BAMBAIRA,TAMPAURE,7601102003002,140/II/14/SK/DST/2023
93,PASANGKAYU,BAMBAIRA,KALUKU NANGKA,7601102004001,12 Tahun 2024
94,PASANGKAYU,BAMBAIRA,KALUKU NANGKA,7601102004002,
95,PASANGKAYU,SARJO,SARJO,7601112001001,001
96,PASANGKAYU,SARJO,SARJO,7601112001002,001
97,PASANGKAYU,SARJO,MAPONU,7601112002001,No 23 tahun 2023
98,PASANGKAYU,SARJO,LETAWA,7601112003003,No 23 tahun 2023
99,PASANGKAYU,SARJO,LETAWA,7601112003004,No 23 tahun 2023
100,PASANGKAYU,SARJO,SARUDE,7601112004001,19 tahun 2023
101,PASANGKAYU,LARIANG,PARABU,7601122001001,NO. 43 TAHUN 2021
102,PASANGKAYU,LARIANG,KENANGAN,7601122002001,NO. 14 TAHUN 2021
103,PASANGKAYU,LARIANG,BAJAWALI,7601122003001,22 TAHUN 2021
104,PASANGKAYU,LARIANG,SINGGANI,7601122004001,NO.18 TAHUN 2021
105,PASANGKAYU,LARIANG,KULU,7601122005001,N0.26 TAHUN 2023
106,PASANGKAYU,LARIANG,BATU MATORU,7601122006001,140 / 02.10 / SK / II / 2023 / DBM
107,PASANGKAYU,LARIANG,BAMBAKORO,7601122007001,NO/21/SK/126/2023
108,PASANGKAYU,LARIANG,BAMBAKORO,7601122007003,No.21/SK/26/2023/DBK
109,MAMUJU,MAMUJU,BINANGA,7602011002006,
110,MAMUJU,MAMUJU,BINANGA,7602011002007,
111,MAMUJU,MAMUJU,BINANGA,7602011002008,
112,MAMUJU,MAMUJU,BINANGA,7602011002009,
113,MAMUJU,MAMUJU,BINANGA,7602011002010,
114,MAMUJU,MAMUJU,MAMUNYU,7602011003002,
115,MAMUJU,MAMUJU,MAMUNYU,7602011003003,
116,MAMUJU,MAMUJU,MAMUNYU,7602011003004,
117,MAMUJU,MAMUJU,KAREMA,7602011012002,
118,MAMUJU,MAMUJU,KAREMA,7602011012003,
119,MAMUJU,MAMUJU,KAREMA,7602011012004,
120,MAMUJU,MAMUJU,KAREMA,7602011012005,
121,MAMUJU,MAMUJU,RIMUKU,7602011013003,
122,MAMUJU,MAMUJU,RIMUKU,7602011013004,
123,MAMUJU,MAMUJU,RIMUKU,7602011013005,
124,MAMUJU,MAMUJU,RIMUKU,7602011013006,
125,MAMUJU,MAMUJU,BAMBU,7602012005002,
126,MAMUJU,MAMUJU,BAMBU,7602012005003,
127,MAMUJU,MAMUJU,KARAMPUANG,7602012006003,140/SK(TPK)/3/DK/KM/2023
128,MAMUJU,MAMUJU,KARAMPUANG,7602012006004,140/SK(TPK)/3/DK/KM/2023
129,MAMUJU,MAMUJU,TADUI,7602012010002,
130,MAMUJU,MAMUJU,TADUI,7602012010003,
131,MAMUJU,MAMUJU,BATU PANNU,7602012014002,
132,MAMUJU,MAMUJU,BATU PANNU,7602012014003,
133,MAMUJU,TAPALANG,GALUNG,7602021001001,147/17/I/SK-TPK/2023/KEL-GAL
134,MAMUJU,TAPALANG,GALUNG,7602021001002,147/17/I/SK-TPK/2023/KEL-GAL
135,MAMUJU,TAPALANG,KASAMBANG,7602021002001,17.b/SK/I/2023/L-KAS
136,MAMUJU,TAPALANG,KASAMBANG,7602021002002,17.b/SK/I/2023/L-KAS
137,MAMUJU,TAPALANG,DAYANGINNA,7602021014001,147/17/I/SK-TPK/2023/KEL-DY
138,MAMUJU,TAPALANG,DAYANGINNA,7602021014002,147/17/I/SK-TPK/2023/KEL-DY
139,MAMUJU,TAPALANG,OROBATU,7602022003002,3100/32/2023
140,MAMUJU,TAPALANG,OROBATU,7602022003003,3100/32/2023
141,MAMUJU,TAPALANG,TAKANDEANG,7602022006001,16/SK/I/2024/TKD
142,MAMUJU,TAPALANG,TAKANDEANG,7602022006002,16/SK/I/2024/TKD
143,MAMUJU,TAPALANG,BELA,7602022009003,07/SK/II/2023/DSB
144,MAMUJU,TAPALANG,BELA,7602022009004,07/SK/II/2023/DSB
145,MAMUJU,TAPALANG,TAAN,7602022010001,012 TAHUN 2023
146,MAMUJU,TAPALANG,TAAN,7602022010002,012 TAHUN 2023
147,MAMUJU,TAPALANG,TAMPALANG,7602022011001,147/17/I/SK-TPK/2023/DST
148,MAMUJU,TAPALANG,TAMPALANG,7602022011002,147/17/I/SK-TPK/2023/DST
149,MAMUJU,TAPALANG,RANTEDODA,7602022012003,147/17/I/SK-TPK/2023/DRT
150,MAMUJU,TAPALANG,RANTEDODA,7602022012004,147/17/I/SK-TPK/2023/DRT
151,MAMUJU,TAPALANG,KOPEANG,7602022013001,7/SK/1/2023/DS-K
152,MAMUJU,KALUKKU,SINYONYOI,7602031001002,11/LS/III/2023
153,MAMUJU,KALUKKU,SINYONYOI,7602031001004,11/LS/III/2023
154,MAMUJU,KALUKKU,BEBANGA,7602031002004,03 tahun 2023
155,MAMUJU,KALUKKU,BEBANGA,7602031002007,03 Tahun 2023
156,MAMUJU,KALUKKU,BEBANGA,7602031002008,03 Tahun 2023
157,MAMUJU,KALUKKU,KALUKKU,7602031003009,23 Tahun 2023
158,MAMUJU,KALUKKU,KALUKKU,7602031003010,23 Tahun 2023
159,MAMUJU,KALUKKU,KALUKKU,7602031003011,23 Tahun 2023
160,MAMUJU,KALUKKU,SINYONYOI SELATAN,7602031014001,01 TAHUN 2023
161,MAMUJU,KALUKKU,SINYONYOI SELATAN,7602031014003,01 Tahun 2023
162,MAMUJU,KALUKKU,SONDOANG,7602032004001,24
163,MAMUJU,KALUKKU,SONDOANG,7602032004003,24 Tahun 2023
164,MAMUJU,KALUKKU,BERU-BERU,7602032005002,18 Tahun 2024
165,MAMUJU,KALUKKU,BERU-BERU,7602032005003,18 Januari 2024
166,MAMUJU,KALUKKU,BELANG BELANG,7602032006003,01 TAHUN 2024
167,MAMUJU,KALUKKU,BELANG BELANG,7602032006004,01 TAHUN 2024
168,MAMUJU,KALUKKU,KABULOANG,7602032007001,08 TAHUN 2023
169,MAMUJU,KALUKKU,KABULOANG,7602032007002,08 Tahun 2023
170,MAMUJU,KALUKKU,KEANG,7602032008001,21/I/TAHUN 2023
171,MAMUJU,KALUKKU,KEANG,7602032008003,21/I/TAHUN 2023
172,MAMUJU,KALUKKU,POKKANG,7602032009001,03 Tahun 2024
173,MAMUJU,KALUKKU,GULILING,7602032010001,02 Tahun 2023
174,MAMUJU,KALUKKU,UHAIMATE,7602032011001,02/DU/SK/I/2024
175,MAMUJU,KALUKKU,UHAIMATE,7602032011002,02/DU/SK/I/2024
176,MAMUJU,KALUKKU,KALUKKU BARAT,7602032012004,20 Tahun 2023
177,MAMUJU,KALUKKU,KALUKKU BARAT,7602032012005,20 Tahun 2023
178,MAMUJU,KALUKKU,PAMMULUKANG,7602032013001,16 TAHUN 2023
179,MAMUJU,KALUKKU,PAMMULUKANG,7602032013002,16 Tahun 2023
180,MAMUJU,KALUMPANG,KALUMPANG,7602042001001,001/DS-KLP/I/2023
181,MAMUJU,KALUMPANG,KARATAUN,7602042003001,17/SK-TPK/DS-KRTN/I/2023
182,MAMUJU,KALUMPANG,KARAMA,7602042004001,027/SK/I/DS-KRM/2024
183,MAMUJU,KALUMPANG,SIRAUN,7602042006001,
184,MAMUJU,KALUMPANG,TUMOGA,7602042007001,005/KTPS/DS-TM/I/2024
185,MAMUJU,KALUMPANG,SALUMAKKI,7602042010001,12/SK-TPK/DS-SM/I/2023
186,MAMUJU,KALUMPANG,POLIO,7602042011001,
187,MAMUJU,KALUMPANG,LIMBONG,7602042012001,04/DS-LMBG/I/2024
188,MAMUJU,KALUMPANG,SANDAPANG,7602042013001,05/DS-SDPG/I/2024
189,MAMUJU,KALUMPANG,KONDO BULO,7602042014003,15/SK-TPK/DS-KB/I/2023
190,MAMUJU,KALUMPANG,KONDO BULO,7602042014004,15/SK-TPK/DS-KB/I/2023
191,MAMUJU,KALUMPANG,MAKKALIKI,7602042015001,012/MKL/I/2023
192,MAMUJU,KALUMPANG,MAKKALIKI,7602042015002,012/MKL/I/2023
193,MAMUJU,KALUMPANG,BATU MAKKADA,7602042016001,
194,MAMUJU,KALUMPANG,LASA',7602042017001,17/KPD-TPK/DS-LS/I/2023
195,MAMUJU,PAPALANG,TOABO,7602072001001,007/24/SK/II/2023/DT
196,MAMUJU,PAPALANG,TOABO,7602072001002,007/24/SK/II/2023/DT
197,MAMUJU,PAPALANG,PAPALANG,7602072002001,013/26/KPTP/II/2024
198,MAMUJU,PAPALANG,BONDA,7602072003001,003/003/SKTPK/DB/I/2023
199,MAMUJU,PAPALANG,BONDA,7602072003002,003/003/SKTPK/DB/I/2023
200,MAMUJU,PAPALANG,TOPORE,7602072004001,13 Tahun 2023
201,MAMUJU,PAPALANG,SALUKAYU,7602072005001,16 TAHUN 2023
202,MAMUJU,PAPALANG,SUKADAMAI,7602072006001,10 TAHUN 2023
203,MAMUJU,PAPALANG,BODA-BODA,7602072007001,19 Tahun 2023
204,MAMUJU,PAPALANG,SISANGO,7602072008002,17 Tahun 2023
205,MAMUJU,PAPALANG,SISANGO,7602072008003,17 Tahun 2023
206,MAMUJU,PAPALANG,BATU AMPA,7602072009001,004/SK/D.BA/II/2023
207,MAMUJU,SAMPAGA,BUNDE,7602082001001,15 TAHUN 2023
208,MAMUJU,SAMPAGA,BUNDE,7602082001002,15 TAHUN 2023
209,MAMUJU,SAMPAGA,KALONDING,7602082002001,14 TAHUN 2023
210,MAMUJU,SAMPAGA,KALONDING,7602082002002,14 TAHUN 2023
211,MAMUJU,SAMPAGA,TARAILU,7602082003001,15 TAHUN 2023
212,MAMUJU,SAMPAGA,SAMPAGA,7602082004001,15 TAHUN 2023
213,MAMUJU,SAMPAGA,TANAMBUAH,7602082005001,188/22/KPTS/V/2023
214,MAMUJU,SAMPAGA,SALUBARANA,7602082006002,188/22/KPTS/1/2023
215,MAMUJU,SAMPAGA,LOSSO,7602082007001,10/SK/DL/TPK/II/TAHUN 2023
216,MAMUJU,TOMMO,TOMMO,7602112001001,19/SK/DS-TM/1/2023
217,MAMUJU,TOMMO,CAMPALOGA,7602112002002,145/17/DC/SK-TPK/1/2024
218,MAMUJU,TOMMO,CAMPALOGA,7602112002003,45/17/DC/SK-TPK/1/2024
219,MAMUJU,TOMMO,BUANA SAKTI,7602112003002,17 Tahun 2024
220,MAMUJU,TOMMO,BUANA SAKTI,7602112003003,17 tahun 2024
221,MAMUJU,TOMMO,TAMEMONGGA,7602112004001,19 Tahun 2024
222,MAMUJU,TOMMO,TAMEJARRA,7602112005002,030 Tahun 2024
223,MAMUJU,TOMMO,RANTEMARIO,7602112006001,17/TPK/DS-RM/I/2024
224,MAMUJU,TOMMO,MALINO,7602112007001,01 Tahun 2024
225,MAMUJU,TOMMO,KAKULLASANG,7602112008001,14 tahun 2024
226,MAMUJU,TOMMO,LELING,7602112009001,002/05/SK-TPK/Ds-L/2020
227,MAMUJU,TOMMO,KALEPU,7602112010001,16 Tahun 2024
228,MAMUJU,TOMMO,SANDANA,7602112011001,15/SK/I/2024
229,MAMUJU,TOMMO,LELING BARAT,7602112012001,22 Tahun 2022
230,MAMUJU,TOMMO,LELING UTARA,7602112013001,17 Tahun 2023
231,MAMUJU,TOMMO,SALUDENGEN,7602112014003,019
232,MAMUJU,TOMMO,SALUDENGEN,7602112014004,SK 019
233,MAMUJU,SIMBORO,SIMBORO,7602121001002,023/I/2023/K.SBR
234,MAMUJU,SIMBORO,SIMBORO,7602121001003,023/I/2023/K.SBR
235,MAMUJU,SIMBORO,SIMBORO,7602121001004,023/I/2023/K.SBR
236,MAMUJU,SIMBORO,RANGAS,7602121002002,001/I/2023/L-RGS
237,MAMUJU,SIMBORO,RANGAS,7602121002003,001/I/2023/L-RGS
238,MAMUJU,SIMBORO,BOTTENG,7602122003002,07/SKTPK/DS-DT/IX/2023
239,MAMUJU,SIMBORO,SALETTO,7602122004001,412/15/III/2023/DS
240,MAMUJU,SIMBORO,SALETTO,7602122004002,412/15/III/2023/DS
241,MAMUJU,SIMBORO,SUMARE,7602122005001,023/I/2023/K.SBR
242,MAMUJU,SIMBORO,BOTTENG UTARA,7602122007001,023/I/2023/K.SBR
243,MAMUJU,SIMBORO,BOTTENG UTARA,7602122007002,023/I/2023/K.SBR
244,MAMUJU,SIMBORO,TAPANDULLU,7602122008001,023/I/2023/K.SBR
245,MAMUJU,SIMBORO,TAPANDULLU,7602122008002,023/I/2023/K.SBR
246,MAMUJU,SIMBORO,PATI'DI,7602122009003,15 TAHUN 2023
247,MAMUJU,SIMBORO,PATI'DI,7602122009004,15 TAHUN 2023
248,MAMUJU,TAPALANG BARAT,DUNGKAIT,7602132001001,188.45/433/KPTS/IX/2021
249,MAMUJU,TAPALANG BARAT,LEBANI,7602132002001,188.45/433/KPTS/IX/2021
250,MAMUJU,TAPALANG BARAT,LEBANI,7602132002002,188.45/433/KPTS/IX/2021
251,MAMUJU,TAPALANG BARAT,LABUANG RANO,7602132003001,188.45/433/KPTS/IX/2021
252,MAMUJU,TAPALANG BARAT,PASABU,7602132004002,103/IV/2023/DP
253,MAMUJU,TAPALANG BARAT,TANETE PAO,7602132005001,188.45/433/KPTS/IX/2021
254,MAMUJU,TAPALANG BARAT,PANGASAAN,7602132006001,188.45/433/KPTS/IX/2021
255,MAMUJU,TAPALANG BARAT,AHU,7602132007002,18/SK/DA/I/2024
256,MAMUJU,TAPALANG BARAT,AHU,7602132007003,18/SK/DA/IV/2023
257,MAMUJU,BONEHAU,BONEHAU,7602152001002,Nomor 20 Tahun 2024
258,MAMUJU,BONEHAU,BONEHAU,7602152001003,Nomor 20 Tahun 2024
259,MAMUJU,BONEHAU,SALUTIWO,7602152002001,067/05/SK/DS-ST/I/2023
260,MAMUJU,BONEHAU,BUTTUADA,7602152003003,001/DS-BT/I/2024
261,MAMUJU,BONEHAU,TAMALEA,7602152004001,188.45/433.KPTSP/III/2023
262,MAMUJU,BONEHAU,LUMIKA,7602152005001,013/DS-LMK/II/2023
263,MAMUJU,BONEHAU,MAPPU,7602152006001,188.45/433/KPTSP/111/2023
264,MAMUJU,BONEHAU,BANUADA,7602152009001,19/kep./DS-BA/XII/2023
265,MAMUJU,BONEHAU,HINUA,7602152010001,14/SK-TPK/DH/I/2024
266,MAMUJU,BONEHAU,KINATANG,7602152011001,074/DS-K/SK/I/2024
267,MAMUJU,KEP. BALA BALAKANG,BALA BALAKANG,7602162001001,04 TAHUN 2024
268,MAMUJU,KEP. BALA BALAKANG,BALA-BALAKANG TIMUR,7602162002001,no. 15 tahun 2024 tanggal 08 Januari 2023
269,MAMASA,MAMBI,MAMBI,7603011001002,821/89/KEL-MB/I/2023
270,MAMASA,MAMBI,TALIPUKKI,7603011002002,474/006/KL-TLP/I/2023
271,MAMASA,MAMBI,RANTEBULAHAN,7603012004002,09/SKPTS/DSRTB/I/2023
272,MAMASA,MAMBI,SONDONGLAYU,7603012008002,15 TAHUN 2024
273,MAMASA,MAMBI,SALUBANUA,7603012016002,10/DS.SBN/I/2023
274,MAMASA,MAMBI,TAPALINA,7603012017001,078/DS-TPL/II/2023
275,MAMASA,MAMBI,SENDANA,7603012019002,140/02.A/KDS/I/2023
276,MAMASA,MAMBI,PAMOSEAN,7603012024002,023.26/DSP/I/2023
277,MAMASA,MAMBI,SELUMAKA,7603012025002,064/DS-SM/I/2023
278,MAMASA,MAMBI,BUJUNG MANURUNG,7603012026002,054/TPK/DS-BM/I/2023
279,MAMASA,MAMBI,SALU ALO,7603012027002,016/DS-SA/I/2023
280,MAMASA,MAMBI,INDOBANUA,7603012029001,007/DS-IND/II/2023
281,MAMASA,MAMBI,SALUDURIAN,7603012030002,140/02/DS.SLD/I/2023
282,MAMASA,ARALLE,ARALLE,7603021001001,140 / 01 / KEL-AR / I / 2024
283,MAMASA,ARALLE,RALLE ANAK,7603022003001,003 / 11 / KD-RA / I / 2024
284,MAMASA,ARALLE,PANETEAN,7603022004001,22/KDP/TPK/1
285,MAMASA,ARALLE,UHAILANU,7603022005001,140/04/SK-TPK/DS-UHN/I/2024
286,MAMASA,ARALLE,ARALLE UTARA,7603022007001,207/01/SK.TPK/D.AU/I/2024
287,MAMASA,ARALLE,UHAIDAHO,7603022009001,15/SK-TPK/DS.UD/I2023
288,MAMASA,ARALLE,BARURU,7603022010001,031/SK-TPK/DS-BRU/III2023
289,MAMASA,ARALLE,RALLEANAK UTARA,7603022015001,150/017/SK-TPK/DS-R.U/III/2023
290,MAMASA,ARALLE,PAMOSEANG PANGGA,7603022016001,001/SK-TPK/DS-PP/V/2023
291,MAMASA,ARALLE,KALABE,7603022017001,008/SK-TPK/DS-K/III/2023
292,MAMASA,ARALLE,ARALLE SELATAN,7603022018001,018/03/SK/DS-AS/I/2024
293,MAMASA,ARALLE,HAHANGAN,7603022019001,019/019SK-TPK/DH/III/2023
294,MAMASA,MAMASA,MAMASA,7603031001001,444/02/SK-KL-M/III/2023
295,MAMASA,MAMASA,RAMBUSARATU,7603032002001,141/09/KPTS-DSR/XII/2021
296,MAMASA,MAMASA,RAMBUSARATU,7603032002002,141/09/KPTS-DSR/XII/2021
297,MAMASA,MAMASA,OSANGO,7603032003001,01/KPTS-DO/I/2024
298,MAMASA,MAMASA,LAMBANAN,7603032004001,13/KTPS/DS-LBN/IX/2021
299,MAMASA,MAMASA,LEMBANA SALULO,7603032005001,007/KPTS/DLS/I/2024
300,MAMASA,MAMASA,TAUPE,7603032006001,145/056/DS-TP/IV/2022
301,MAMASA,MAMASA,BUNTU BUDA,7603032007001,570/959/DSBB/IX/2021
302,MAMASA,MAMASA,TONDOK BAKARU,7603032008001,105/SK/TPPS/DTB/III/2022
303,MAMASA,MAMASA,PEBASSIAN,7603032009001,16/KPTS/03.08/IX/2021
304,MAMASA,MAMASA,MAMBULILING,7603032010001,002/DS-M/I/2022
305,MAMASA,MAMASA,BOMBONG LAMBE,7603032011001,011/KPTS-DB/X/2021
306,MAMASA,MAMASA,BUBUN BATU,7603032012001,077/D-BB/IV/2022
307,MAMASA,PANA,PANA,7603041001001,065A/KL.P/III/2023
308,MAMASA,PANA,MANIPI,7603042003001,10/SK/DSM/III/2023
309,MAMASA,PANA,MANIPI,7603042003002,11/SK/DSM/III/2023
310,MAMASA,PANA,MAMULLU,7603042005001,103/SK/DS-M/III/2023
311,MAMASA,PANA,SAPAN,7603042006001,01/SK-TPK/KD-SPN/III/2023
312,MAMASA,PANA,DATUBARINGAN,7603042009001,36/SK/DS-DB/III/2023
313,MAMASA,PANA,PANURA,7603042010001,016/SK/DS-P/III/2023
314,MAMASA,PANA,TALLANG BULAWAN,7603042011001,09/SK/D-TB/III/2023
315,MAMASA,PANA,KARAKA,7603042012001,002/SK/DS-KRK/III/2023
316,MAMASA,PANA,ULUSALU,7603042013001,010/KPTS/DS-U/III/2023
317,MAMASA,PANA,WERI,7603042014001,01/SK/DS-W/III/2023
318,MAMASA,PANA,SALUTAMBUN,7603042015001,02/DST/III/2023
319,MAMASA,PANA,SALOAN,7603042016001,83/SK/DS/III/2023
320,MAMASA,PANA,ULUSALU INDAH,7603042017002,06/KPTS/DS-UI/III/2023
321,MAMASA,TABULAHAN,LAKAHANG,7603051001001,05.05/402/L.LK/IX/2021
322,MAMASA,TABULAHAN,PERIANGAN,7603052002001,005/2021/004/031/D.P/IX/2021
323,MAMASA,TABULAHAN,MALATIRO,7603052003001,822.2/04/dppkb/1/2024
324,MAMASA,TABULAHAN,TABULAHAN,7603052004001,018/05/D-TAB/TAB/I/2024
325,MAMASA,TABULAHAN,SALULEANG,7603052005001,031/KD-SL/IX/2021
326,MAMASA,TABULAHAN,TAMPAK KURRA,7603052007001,05.05/016/DT-SK/IX/2021
327,MAMASA,TABULAHAN,GANDANG DEWATA,7603052008001,05.06/087/D.GD/IX/2021
328,MAMASA,TABULAHAN,BURANA,7603052009001,140/20/21/DB/IX/2021
329,MAMASA,TABULAHAN,SALUBAKKA,7603052010001,822.2/04/dppkb/1/2024
330,MAMASA,TABULAHAN,PANGANDARAN,7603052011001,1541/001/SK.DD/2021
331,MAMASA,TABULAHAN,TALOPAK,7603052012001,05.10/DT/XI/2021
332,MAMASA,TABULAHAN,PEU',7603052013001,05.11/DKPTS/DP/I/2024
333,MAMASA,TABULAHAN,TIMORO,7603052014001,01/DT/DK/IX/2021
334,MAMASA,TABULAHAN,LAKAHANG UTAMA,7603052015001,05.13/539/SK/IX/2021
335,MAMASA,SUMARORONG,SUMARORONG,7603061001001,443.1 / 010 / KPTS - KS / I / 2024
336,MAMASA,SUMARORONG,TABONE,7603061002001,002/KPTS-KT/I/2024
337,MAMASA,SUMARORONG,BATANG URU,7603062003001,004 / KPTS - DB / I / 2024
338,MAMASA,SUMARORONG,SASAKAN,7603062004001,050 / SK - DS / XI / 2021
339,MAMASA,SUMARORONG,TADISI,7603062005001,12 / KPTS - DT / IX / 2021
340,MAMASA,SUMARORONG,SIBANAWA,7603062006001,03 / KPTS - DS / I / 2023
341,MAMASA,SUMARORONG,BATANGNGURU TIMUR,7603062007001,004 / SK / DS - BTT / I / 2024
342,MAMASA,SUMARORONG,SALUBALO,7603062008001,002 / DS - SB / I / 2024
343,MAMASA,SUMARORONG,BANEA,7603062009001,041 / KPTS - DB / IV / 2022
344,MAMASA,SUMARORONG,RANTE KAMASE,7603062010001,441-1 / KPTS - 03 / DS - RK / I / 2024
345,MAMASA,MESSAWA,MESSAWA,7603071001001,002/KPTS/KEL-MES/X/2024
346,MAMASA,MESSAWA,RIPPUNG,7603072002001,004/KPTS/DS-RIP/X/2021
347,MAMASA,MESSAWA,MAKUANG,7603072003001,011/KPTS/DS-MAK/X/2024
348,MAMASA,MESSAWA,SEPANG,7603072004001,010/KPTS/DS-SEP/X/2021
349,MAMASA,MESSAWA,MALIMBONG,7603072005001,006/KPTS/DS-MAL/X/2024
350,MAMASA,MESSAWA,MATANDE,7603072006001,007/KPTS/DS-MAT/X/2021
351,MAMASA,MESSAWA,SIPAI,7603072007001,008/KPTS/DS-SIP/X/2021
352,MAMASA,MESSAWA,PASMA MAMBU,7603072008001,003/KPTS/DS-PM/X/2021
353,MAMASA,MESSAWA,TANETE BATU,7603072009001,009/KPTS/DS-TB/X/2021
354,MAMASA,SESENAPADANG,OROBUA,7603082002001,512/KPTS-DO/IX/2021
355,MAMASA,SESENAPADANG,PALADAN,7603082003001,002/KPTS-DP/I/2024
356,MAMASA,SESENAPADANG,OROBUA TIMUR,7603082004001,470/03/DOT/IX/2021
357,MAMASA,SESENAPADANG,RANTE PUANG,7603082006001,3 TAHUN 2023
358,MAMASA,SESENAPADANG,SATENETEAN,7603082007001,140/868/KPTS/K-DS/IX/2021
359,MAMASA,SESENAPADANG,LISUAN ADA,7603082008001,820/03/KPTS/DLA/2023
360,MAMASA,SESENAPADANG,OROBUA SELATAN,7603082010001,15 TAHUN 2021
361,MAMASA,SESENAPADANG,MALANGKENA PADANG,7603082012001,16a TAHUN 2022
362,MAMASA,SESENAPADANG,MALIMBONG,7603082013001,16a TAHUN 2022
363,MAMASA,SESENAPADANG,MARAMPAN OROBUA,7603082014001,472/020/SK-DMO/IX/2021
364,MAMASA,TANDUK KALUA,MINAKE,7603091011001,040.4 037/KL-MK/III/2023
365,MAMASA,TANDUK KALUA,MALABO,7603092001001,79/Kep/KD-MLB/V/2023
366,MAMASA,TANDUK KALUA,SINDAGAMANIK,7603092005001,007/SK/DS-SM/I/2023
367,MAMASA,TANDUK KALUA,PARONDOBULAWAN,7603092006001,002/DS-PRB/I/2023
368,MAMASA,TANDUK KALUA,TAMALANTIK,7603092007001,211/DS-TML/IX/2021
369,MAMASA,TANDUK KALUA,MANNABABA,7603092008001,033/SK/05-MBB/I/2023
370,MAMASA,TANDUK KALUA,MESAKADA,7603092009001,06/S.Kep/DMK/I/2024
371,MAMASA,TANDUK KALUA,BALLABATU,7603092010001,033/DB-KT/SK/IX/2021
372,MAMASA,TANDUK KALUA,BALLABATU,7603092010002,033/DB-KT/SK/IX/2021
373,MAMASA,TANDUK KALUA,PAMBE,7603092012001,07/K.DP/III/2023
374,MAMASA,TANDUK KALUA,SALURANO,7603092013001,03/KPTS/KD-SL/1/2023
375,MAMASA,TANDUK KALUA,TALIMBUNG,7603092014001,03/KPTS/KDS-TL/I/23
376,MAMASA,TANDUK KALUA,KANAN,7603092015001,08/DS-KN/I/2024
377,MAMASA,TABANG,TABANG,7603101001002,800/566/L.TB/IX/2021
378,MAMASA,TABANG,TADOKALUA,7603102003001,800/909/DS.TDK/IX/2021
379,MAMASA,TABANG,TABANG BARAT,7603102004001,317/448/D.TB/IX/2021
380,MAMASA,TABANG,MASUPU,7603102005001,011/SK-TPK/DS-MP/IX/2021
381,MAMASA,TABANG,KALAMA,7603102006001,199/800/DS-KL/XI/2021
382,MAMASA,TABANG,BAKADISURA,7603102007001,171/230/DB/XI/2021
383,MAMASA,TABANG,SALUKONA,7603102008001,001/SK/I/2024
384,MAMASA,BAMBANG,MOKALLANG,7603112001001,82.2/01/DPPKB/1/2024
385,MAMASA,BAMBANG,MASOSO,7603112002001,82.2/01/DPPKB/1/2024
386,MAMASA,BAMBANG,SALUASSING,7603112003001,82.2/01/DPPKB/1/2024
387,MAMASA,BAMBANG,SALUASSING,7603112003002,82.2/01/DPPKB/1/2024
388,MAMASA,BAMBANG,SALUBULO,7603112004001,82.2/01/DPPKB/1/2024
389,MAMASA,BAMBANG,SALUKADI,7603112005001,82.2/01/DPPKB/1/2024
390,MAMASA,BAMBANG,SALUKEPOPOK,7603112006001,82.2/01/DPPKB/1/2024
391,MAMASA,BAMBANG,ULUMAMBI BARAT,7603112007001,82.2/01/DPPKB/1/2024
392,MAMASA,BAMBANG,LIMBADEBATA,7603112008001,82.2/01/DPPKB/1/2024
393,MAMASA,BAMBANG,TANETE TOMBA,7603112009001,82.2/01/DPPKB/1/2024
394,MAMASA,BAMBANG,BAMBANG,7603112010001,82.2/01/DPPKB/1/2024
395,MAMASA,BAMBANG,RANTELEMO,7603112011001,82.2/01/DPPKB/1/2024
396,MAMASA,BAMBANG,SALUDENGEN,7603112012001,82.2/01/DPPKB/1/2024
397,MAMASA,BAMBANG,ULUMAMBI,7603112013001,82.2/01/DPPKB/1/2024
398,MAMASA,BAMBANG,BAMBANG TIMUR,7603112014001,82.2/01/DPPKB/1/2024
399,MAMASA,BAMBANG,MINANGA,7603112015001,82.2/01/DPPKB/1/2024
400,MAMASA,BAMBANG,SIKAMASE,7603112016001,82.2/01/DPPKB/1/2024
401,MAMASA,BAMBANG,RANTETARIMA,7603112017001,82.2/01/DPPKB/1/2024
402,MAMASA,BAMBANG,SALURURU,7603112018001,82.2/01/DPPKB/1/2024
403,MAMASA,BAMBANG,SALUTABANG,7603112019001,82.2/01/DPPKB/1/2024
404,MAMASA,BAMBANG,BALATANA,7603112020001,82.2/01/DPPKB/1/2024
405,MAMASA,BALLA,BALLA,7603122001001,06 Tahun 2024
406,MAMASA,BALLA,BALLA BARAT,7603122002001,02/TPK-DBB/I/2024
407,MAMASA,BALLA,BALLA SATANETEAN,7603122003001,01/TPK-DBS/I/2024
408,MAMASA,BALLA,BALLA SATANETEAN,7603122003002,010/TPK-DBS/I/2024
409,MAMASA,BALLA,BALLA TUMUKA,7603122004001,02/KPTS/DBT/II/2024
410,MAMASA,BALLA,SEPAKUAN,7603122005001,10/KTSP.D.SP/I/2024
411,MAMASA,BALLA,SEPAKUAN,7603122005002,10/KTSP.D.SP/I/2024
412,MAMASA,BALLA,PIDARA,7603122006001,02/DP/II/2024
413,MAMASA,BALLA,BAMBAPUANG,7603122007001,142/KPTS.DBP.03/I/2022
414,MAMASA,BALLA,BALLA TIMUR,7603122008001,031/04/DBT/SK-TPK/I/2024
415,MAMASA,NOSU,NOSU,7603131001001,440.a/69/KEL-N/IV/2022
416,MAMASA,NOSU,MINANGA,7603132002001,474.2/04/DM/IV/2022
417,MAMASA,NOSU,BATUPAPAN,7603132003001,71/DB-KN/IX/2021
418,MAMASA,NOSU,MASEWWE,7603132004001,81/DM/IX/2021
419,MAMASA,NOSU,SIWI,7603132005001,005/03-SW/SK/IV/2022
420,MAMASA,NOSU,MINANGA TIMUR,7603132006001,045.a/SK/DM.T/III/2022
421,MAMASA,NOSU,PARINDING,7603132007001,02/SK/KDP/IV/2022
422,MAMASA,TAWALIAN,TAWALIAN,7603141001002,1217/KL-TW/1X/2021
423,MAMASA,TAWALIAN,TAWALIAN TIMUR,7603142002002,03/DS-TT/1/2022
424,MAMASA,TAWALIAN,KARIANGO,7603142003002,ADA
425,MAMASA,TAWALIAN,RANTETANGNGA,7603142004002,007e/KPTS-KD/DRT/1/2023
426,MAMASA,RANTEBULAHAN TIMUR,SALUMOKANAN,7603152001003,188/010/DSM/11/2023
427,MAMASA,RANTEBULAHAN TIMUR,SALUMOKANAN BARAT,7603152003001,043.a./SK_TPK/DS.SMB/11/2023
428,MAMASA,RANTEBULAHAN TIMUR,BUANGIN,7603152004001,188/010/DSM/11/2023
429,MAMASA,RANTEBULAHAN TIMUR,BAMBANG BUDA,7603152005001,06/SK/KD-BB/11/2023
430,MAMASA,RANTEBULAHAN TIMUR,LEKO,7603152006001,23/DS.1/SK/11/2023
431,MAMASA,RANTEBULAHAN TIMUR,KIRAK,7603152007001,15.07/01/SK/KEP.DK/11/2023
432,MAMASA,RANTEBULAHAN TIMUR,SALUMOKANAN UTARA,7603152008001,154/015/DK-KDSMU/11/2023
433,MAMASA,RANTEBULAHAN TIMUR,SAMPALE,7603152009001,15.9/029/SK.DS.SP/11/2023
434,MAMASA,BUNTUMALANGKA,BUNTUMALANGKA,7603162001001,22/PTPK/KEP-DS.BM/I/2023
435,MAMASA,BUNTUMALANGKA,RANTEBERAN,7603162002001,001/02/SK-PDRB/I/2023
436,MAMASA,BUNTUMALANGKA,KEBANGA,7603162003001,06/SK.KD/16.03/I/2024
437,MAMASA,BUNTUMALANGKA,SALURINDU,7603162004001,06/SK-TPK/DS-S/I/2023
438,MAMASA,BUNTUMALANGKA,TAORA,7603162005001,22/KDT-SK/I/2023
439,MAMASA,BUNTUMALANGKA,KABAE,7603162006001,004/03/KD-KB/II/2023
440,MAMASA,BUNTUMALANGKA,SALUTAMBUN BARAT,7603162007001,141/017/KPTS-DSSB/XI/2022
441,MAMASA,BUNTUMALANGKA,PENATANGAN,7603162008001,821/05/SK-PTPK/DS.P/II/2023
442,MAMASA,BUNTUMALANGKA,SALUTAMBUN TIMUR,7603162009001,02/SK-TPK/KD.ST/II/2023
443,MAMASA,BUNTUMALANGKA,SALUTAMBUN,7603162010001,03/KEP/KD-ST/III/2022
444,MAMASA,BUNTUMALANGKA,ARALLE TIMUR,7603162011001,018/SK.TPKD/DS-AT/[/2023
445,MAMASA,MEHALAAN,MEHALAAN,7603172001001,470.033/SK/DM-KM/II-2024
446,MAMASA,MEHALAAN,BOTTENG,7603172002001,24/SK-TPK/DB/III/2023
447,MAMASA,MEHALAAN,SALUKONTA,7603172003001,172/DS/SKT/SK-TPK/III/2023
448,MAMASA,MEHALAAN,MESAKADA,7603172004002,012/SK-TPK/DM/II/2024
449,MAMASA,MEHALAAN,MEHALAAN BARAT,7603172005001,8/sk/tpk/III/2023
450,MAMASA,MEHALAAN,SALUAHOK,7603172006001,067/17.06/sk-tpk/DS-SL/III/2023
451,MAMASA,MEHALAAN,SALUBALO,7603172007001,059/sk-tpk/Ds-SB/iii/2023
452,MAMASA,MEHALAAN,PASSEMBUK,7603172008001,008/SK/DPS/SK-TPK/III/2023
453,MAMASA,MEHALAAN,KONDO,7603172009001,03/DS/KD/III/2023
454,MAMASA,MEHALAAN,LEKO SUKAMAJU,7603172010001,004/SK-TPK/DS-LKS/III/2023
455,MAMASA,MEHALAAN,ULUMEA,7603172011001,18/DS-UM/SK-TPK/III/2023
456,POLEWALI MANDAR,TINAMBUNG,TINAMBUNG,7604011001001,SKPT/001 TAHUN 2024
457,POLEWALI MANDAR,TINAMBUNG,TINAMBUNG,7604011001002,SKPT/001 TAHUN 2024
458,POLEWALI MANDAR,TINAMBUNG,KARAMA,7604012002001,01/DK/01/2024
459,POLEWALI MANDAR,TINAMBUNG,KARAMA,7604012002002,01/DK/01/2024
460,POLEWALI MANDAR,TINAMBUNG,KARAMA,7604012002003,01/DK/01/2024
461,POLEWALI MANDAR,TINAMBUNG,TANGNGA TANGNGA,7604012003001,05 TAHUN 2024
462,POLEWALI MANDAR,TINAMBUNG,TANGNGA TANGNGA,7604012003002,05 TAHUN 2024
463,POLEWALI MANDAR,TINAMBUNG,LEKOPADIS,7604012004001,02 TAHUN 2021
464,POLEWALI MANDAR,TINAMBUNG,LEKOPADIS,7604012004002,02 TAHUN 2024
465,POLEWALI MANDAR,TINAMBUNG,GALUNG LOMBOK,7604012005003,1 TAHUN 2024
466,POLEWALI MANDAR,TINAMBUNG,GALUNG LOMBOK,7604012005004,1 TAHUN 2024
467,POLEWALI MANDAR,TINAMBUNG,TANDUNG,7604012006002,04 Tahun 2024
468,POLEWALI MANDAR,TINAMBUNG,TANDUNG,7604012006003,04 Tahun 2024
469,POLEWALI MANDAR,TINAMBUNG,BATULAYA,7604012007001,01 TAHUN 2024
470,POLEWALI MANDAR,TINAMBUNG,BATULAYA,7604012007002,01 TAHUN 2024
471,POLEWALI MANDAR,TINAMBUNG,SEPABATU,7604012008001,1 TAHUN 2024
472,POLEWALI MANDAR,TINAMBUNG,SEPABATU,7604012008002,1 TAHUN 2024
473,POLEWALI MANDAR,CAMPALAGIAN,PAPPANG,7604021001001,11 TAHUN 2024
474,POLEWALI MANDAR,CAMPALAGIAN,PAPPANG,7604021001002,11 TAHUN 2024
475,POLEWALI MANDAR,CAMPALAGIAN,LALIKO,7604022002001,05 TAHUN 2023
476,POLEWALI MANDAR,CAMPALAGIAN,LALIKO,7604022002002,05 TAHUN 2023
477,POLEWALI MANDAR,CAMPALAGIAN,BONDE,7604022003002,01/DS-B/SK/012024
478,POLEWALI MANDAR,CAMPALAGIAN,BONDE,7604022003003,01/DS-B/SK/01/2024
479,POLEWALI MANDAR,CAMPALAGIAN,BONDE,7604022003004,01/DS-B/SK/01/2024
480,POLEWALI MANDAR,CAMPALAGIAN,KATUMBANGAN LEMO,7604022004001,25/SK/D.KTB.L/01/2024
481,POLEWALI MANDAR,CAMPALAGIAN,KATUMBANGAN LEMO,7604022004002,25/SK/D.KTB.L/01/2024
482,POLEWALI MANDAR,CAMPALAGIAN,PANYAMPA,7604022005001,04/SK/DS.PN/II/2023
483,POLEWALI MANDAR,CAMPALAGIAN,PANYAMPA,7604022005002,04/SK/DSPN/II/2023
484,POLEWALI MANDAR,CAMPALAGIAN,SURUANG,7604022006001,12/KPTS/DS.SR/3/2023
485,POLEWALI MANDAR,CAMPALAGIAN,SURUANG,7604022006002,12/KPTS/DS.SR/3/2023
486,POLEWALI MANDAR,CAMPALAGIAN,LAMPOKO,7604022007001,02/DLK/SK/01/2024
487,POLEWALI MANDAR,CAMPALAGIAN,LAMPOKO,7604022007002,02/DLK/SK/01/2024
488,POLEWALI MANDAR,CAMPALAGIAN,LAMPOKO,7604022007003,02/DLK/SK/01/2024
489,POLEWALI MANDAR,CAMPALAGIAN,KATUMBANGAN,7604022008001,06/DKTB/I/2024
490,POLEWALI MANDAR,CAMPALAGIAN,KATUMBANGAN,7604022008003,06/DKTB/I/2024
491,POLEWALI MANDAR,CAMPALAGIAN,KATUMBANGAN,7604022008004,06/DKTB/I/2024
492,POLEWALI MANDAR,CAMPALAGIAN,LAPEO,7604022009001,10 Tahun 2023
493,POLEWALI MANDAR,CAMPALAGIAN,LAPEO,7604022009002,10 Tahun 2023
494,POLEWALI MANDAR,CAMPALAGIAN,PARAPPE,7604022010001,06/DS.PRP/III/2023
495,POLEWALI MANDAR,CAMPALAGIAN,PARAPPE,7604022010002,06/DS.PRP/III/2023
496,POLEWALI MANDAR,CAMPALAGIAN,ONGKO,7604022011001,13/DS.O/01/2023
497,POLEWALI MANDAR,CAMPALAGIAN,KENJE,7604022012001,05-DKJ/01/2024
498,POLEWALI MANDAR,CAMPALAGIAN,KENJE,7604022012002,405-DKJ/01/2024
499,POLEWALI MANDAR,CAMPALAGIAN,SUMARRANG,7604022013001,11/DS.S/III/2023
500,POLEWALI MANDAR,CAMPALAGIAN,SUMARRANG,7604022013002,11/DS.S/III/2023
501,POLEWALI MANDAR,CAMPALAGIAN,SUMARRANG,7604022013003,11/DS.S/III/2023
502,POLEWALI MANDAR,CAMPALAGIAN,BOTTO,7604022014001,04 Tahun 2023
503,POLEWALI MANDAR,CAMPALAGIAN,BOTTO,7604022014002,04 Tahun 2023
504,POLEWALI MANDAR,CAMPALAGIAN,GATTUNGAN,7604022015001,02  TAHUN 2024
505,POLEWALI MANDAR,CAMPALAGIAN,PADANG TIMUR,7604022016001,11/SK/DS.PT/01/2024
506,POLEWALI MANDAR,CAMPALAGIAN,PADANG,7604022017002,03 TAHUN 2024
507,POLEWALI MANDAR,CAMPALAGIAN,LAGI-AGI,7604022018001,07/SK/TPK/DS.LA/01/2024
508,POLEWALI MANDAR,CAMPALAGIAN,LAGI-AGI,7604022018002,07/SK/TPK/DS.LA/01/2024
509,POLEWALI MANDAR,WONOMULYO,SIDODADI,7604031001002,KPTS 06 2024
510,POLEWALI MANDAR,WONOMULYO,SIDODADI,7604031001003,KPTS 06 2024
511,POLEWALI MANDAR,WONOMULYO,SIDODADI,7604031001004,KPTS 06 2024
512,POLEWALI MANDAR,WONOMULYO,SIDODADI,7604031001005,KPTS 06 2024
513,POLEWALI MANDAR,WONOMULYO,SIDOREJO,7604032002001,15 TAHUN 2024
514,POLEWALI MANDAR,WONOMULYO,SIDOREJO,7604032002002,15 TAHUN 2024
515,POLEWALI MANDAR,WONOMULYO,SIDOREJO,7604032002003,15 TAHUN 2024
516,POLEWALI MANDAR,WONOMULYO,SUMBEREJO,7604032003001,01 TAHUN 2024
517,POLEWALI MANDAR,WONOMULYO,SUMBEREJO,7604032003002,01 TAHUN 2024
518,POLEWALI MANDAR,WONOMULYO,SUMBEREJO,7604032003003,01 TAHUN 2024
519,POLEWALI MANDAR,WONOMULYO,BUMIAYU,7604032004001,16 TAHUN 2024
520,POLEWALI MANDAR,WONOMULYO,BUMIAYU,7604032004002,16 TAHUN 2024
521,POLEWALI MANDAR,WONOMULYO,KEBUNSARI,7604032005001,08 TAHUN 2024
522,POLEWALI MANDAR,WONOMULYO,KEBUNSARI,7604032005002,08 TAHUN 2024
523,POLEWALI MANDAR,WONOMULYO,BANUA BARU,7604032006001,010/stpk/DBB/1/2024
524,POLEWALI MANDAR,WONOMULYO,BANUA BARU,7604032006002,010/stpk/DBB/I/2024
525,POLEWALI MANDAR,WONOMULYO,NEPO,7604032007001,23 TAHUN 2023
526,POLEWALI MANDAR,WONOMULYO,NEPO,7604032007002,23 TAHUN 2023
527,POLEWALI MANDAR,WONOMULYO,SUGIHWARAS,7604032008001,16 TAHUN 2024
528,POLEWALI MANDAR,WONOMULYO,SUGIHWARAS,7604032008002,16 TAHUN 2024
529,POLEWALI MANDAR,WONOMULYO,SUGIHWARAS,7604032008003,16 TAHUN 2024
530,POLEWALI MANDAR,WONOMULYO,CAMPURJO,7604032009001,10 TAHUN 2023
531,POLEWALI MANDAR,WONOMULYO,CAMPURJO,7604032009002,10 TAHUN 2023
532,POLEWALI MANDAR,WONOMULYO,BUMIMULYO,7604032010001,12 TAHUN 2023
533,POLEWALI MANDAR,WONOMULYO,TUMPILING,7604032011002,10 TAHUN 2024
534,POLEWALI MANDAR,WONOMULYO,TUMPILING,7604032011003,10 TAHUN 2024
535,POLEWALI MANDAR,WONOMULYO,BAKKA-BAKKA,7604032012001,01 TAHUN 2024
536,POLEWALI MANDAR,WONOMULYO,ARJO SARI,7604032013001,12 TAHUN 2024
537,POLEWALI MANDAR,WONOMULYO,ARJO SARI,7604032013002,12 TAHUN 2024
538,POLEWALI MANDAR,WONOMULYO,GALESON,7604032014001,01 TAHUN 2023
539,POLEWALI MANDAR,WONOMULYO,GALESON,7604032014002,01 TAHUN 2023
540,POLEWALI MANDAR,POLEWALI,POLEWALI,7604041001001,148/kel.pol/02/01/2024
541,POLEWALI MANDAR,POLEWALI,POLEWALI,7604041001002,148/Kel.pol/02/01/2024
542,POLEWALI MANDAR,POLEWALI,POLEWALI,7604041001003,148/kel.pol/02/01/2024
543,POLEWALI MANDAR,POLEWALI,POLEWALI,7604041001004,148/kel.pol/02/01/2024
544,POLEWALI MANDAR,POLEWALI,WATTANG,7604041002001,146.4/01/k.w/2024
545,POLEWALI MANDAR,POLEWALI,WATTANG,7604041002002,146.4/01/k.w/2024
546,POLEWALI MANDAR,POLEWALI,WATTANG,7604041002003,146.4/01/k.w/2024
547,POLEWALI MANDAR,POLEWALI,SULEWATANG,7604041003001,15/KPTS/III/KEL.SEL/2023
548,POLEWALI MANDAR,POLEWALI,SULEWATANG,7604041003002,13/KPTS/III/KEL.SUL/2023
549,POLEWALI MANDAR,POLEWALI,SULEWATANG,7604041003003,14/KPTS/III/KEL.SEL/2023
550,POLEWALI MANDAR,POLEWALI,LANTORA,7604041004001,814.2/14/III/2023
551,POLEWALI MANDAR,POLEWALI,LANTORA,7604041004002,814.2/14/III/2023
552,POLEWALI MANDAR,POLEWALI,LANTORA,7604041004003,814.2/14/III/2023
553,POLEWALI MANDAR,POLEWALI,TAKATIDUNG,7604041005001,814.2/K.T/65/03/2023
554,POLEWALI MANDAR,POLEWALI,TAKATIDUNG,7604041005002,814.2/K.T/64/03/2023
555,POLEWALI MANDAR,POLEWALI,TAKATIDUNG,7604041005003,814.2/K.T/63/03/2023
556,POLEWALI MANDAR,POLEWALI,PEKKABATA,7604041006001,B.65/KPB/PGM/143/3/2023
557,POLEWALI MANDAR,POLEWALI,PEKKABATA,7604041006002,B.65/KPB/PGM/143/3/2023
558,POLEWALI MANDAR,POLEWALI,PEKKABATA,7604041006003,B.65/KPB/PGM/143/3/2023
559,POLEWALI MANDAR,POLEWALI,MADATE,7604041007001,04 TAHUN 2024
560,POLEWALI MANDAR,POLEWALI,MADATE,7604041007002,04 TAHUN 2024
561,POLEWALI MANDAR,POLEWALI,MADATE,7604041007003,04 TAHUN 2024
562,POLEWALI MANDAR,POLEWALI,MADATE,7604041007004,04 TAHUN 2024
563,POLEWALI MANDAR,POLEWALI,MANDING,7604041008001,B.16/KPTS/KLM/LURAH/3/2023
564,POLEWALI MANDAR,POLEWALI,MANDING,7604041008002,B.17/KPTS/KLM/LURAH/3/2023
565,POLEWALI MANDAR,POLEWALI,MANDING,7604041008003,B.15/KPTS/KLM/LURAH/3/2023
566,POLEWALI MANDAR,POLEWALI,DARMA,7604041009001,18/KD/441/III/2023
567,POLEWALI MANDAR,POLEWALI,DARMA,7604041009002,17/KD/441/III/2023
568,POLEWALI MANDAR,POLEWALI,DARMA,7604041009003,16/KD/441/III/2023
569,POLEWALI MANDAR,POLEWALI,DARMA,7604041009004,19/KD/441/III/2023
570,POLEWALI MANDAR,TUTAR,TARAMANU,7604051001001,470 /006/01/ LT /  2024
571,POLEWALI MANDAR,TUTAR,TARAMANU,7604051001002,470 /006/01/ LT/ 2024
572,POLEWALI MANDAR,TUTAR,AMBOPADANG,7604052002001,01  tahun 2024
573,POLEWALI MANDAR,TUTAR,AMBOPADANG,7604052002002,01  Tahun 2024
574,POLEWALI MANDAR,TUTAR,TUBBI,7604052003001,8 TAHUN 2021
575,POLEWALI MANDAR,TUTAR,RATTE,7604052004001,15 TAHUN 2021
576,POLEWALI MANDAR,TUTAR,BESOANGIN,7604052005001,02 TAHUN 2023
577,POLEWALI MANDAR,TUTAR,PIRIANG TAPIKO,7604052006001,B.140.16 / DPT / III / 2023
578,POLEWALI MANDAR,TUTAR,PEBURRU,7604052007001,01 Tahun 2024
579,POLEWALI MANDAR,TUTAR,TALOBA,7604052008001,08 TAHUN 2021
580,POLEWALI MANDAR,TUTAR,POLLEWANI,7604052009001,300 / 97 / DP / III / 2023
581,POLEWALI MANDAR,TUTAR,POLLEWANI,7604052009002,300 / 97 / DP / III / 2023
582,POLEWALI MANDAR,TUTAR,ARABUA,7604052010001, 04 Tahun  2023
583,POLEWALI MANDAR,TUTAR,BESOANGIN UTARA,7604052011001,04/D.BU / V / 2021
584,POLEWALI MANDAR,TUTAR,PODA,7604052012001,6.4725/288/DS.PODA/II/2023
585,POLEWALI MANDAR,TUTAR,TARAMANU TUA,7604052013001,067/045/DTT/04/2023
586,POLEWALI MANDAR,BINUANG,AMASSANGAN,7604061005001,1481/13/KEL. AMS
587,POLEWALI MANDAR,BINUANG,AMASSANGAN,7604061005002,1481/13/KEL. AMS
588,POLEWALI MANDAR,BINUANG,AMASSANGAN,7604061005003,1481/13/KEL. AMS
589,POLEWALI MANDAR,BINUANG,TONYAMAN,7604062001001,15/SK-TPK/DT/III/2023
590,POLEWALI MANDAR,BINUANG,TONYAMAN,7604062001002,15/SK-TPK/DT/III/2023
591,POLEWALI MANDAR,BINUANG,TONYAMAN,7604062001003,15/SK-TPK/DT/III/2023
592,POLEWALI MANDAR,BINUANG,KUAJANG,7604062002001,188/016/7604062002/2022
593,POLEWALI MANDAR,BINUANG,KUAJANG,7604062002002,188/016/7604062002/2022
594,POLEWALI MANDAR,BINUANG,PAKU,7604062003001,020/SKTP-DSP/01/2024
595,POLEWALI MANDAR,BINUANG,PAKU,7604062003002,020/SKTPK-DSP/01/2024
596,POLEWALI MANDAR,BINUANG,MIRRING,7604062004002,01 TAHUN 2024
597,POLEWALI MANDAR,BINUANG,MIRRING,7604062004003,01 TAHUN 2024
598,POLEWALI MANDAR,BINUANG,BATETANGNGA,7604062006001,06/SK/DES-BAT/TPK/01/2024
599,POLEWALI MANDAR,BINUANG,BATETANGNGA,7604062006002,06/SK/DES-BAT/TPK/01/2024
600,POLEWALI MANDAR,BINUANG,BATETANGNGA,7604062006003,06/SK/DES-BAT/TPK/01/2024
601,POLEWALI MANDAR,BINUANG,MAMMI,7604062007001,08 TAHUN 2024
602,POLEWALI MANDAR,BINUANG,MAMMI,7604062007002,29 TAHUN 2022
603,POLEWALI MANDAR,BINUANG,KALEOK,7604062008003,12 TAHUN 2023
604,POLEWALI MANDAR,BINUANG,AMOLA,7604062009001,08 TAHUN 2022
605,POLEWALI MANDAR,BINUANG,REA,7604062010001,013/SK-DR/VIII/2022
606,POLEWALI MANDAR,BINUANG,REA,7604062010002,013/SK-DR/VIII/2022
607,POLEWALI MANDAR,TAPANGO,PELITAKAN,7604071001001,815/II/2023
608,POLEWALI MANDAR,TAPANGO,PELITAKAN,7604071001002,815/II/2023
609,POLEWALI MANDAR,TAPANGO,TAPANGO,7604072002001,14 Tahun 2023
610,POLEWALI MANDAR,TAPANGO,TAPANGO,7604072002002,14 Tahun 2023
611,POLEWALI MANDAR,TAPANGO,RAPPANG,7604072003001,14/SK-DR/II/2023
612,POLEWALI MANDAR,TAPANGO,RAPPANG,7604072003002,14/SK-DR/II/2023
613,POLEWALI MANDAR,TAPANGO,DAKKA,7604072004001,093/DDK/III/2023
614,POLEWALI MANDAR,TAPANGO,DAKKA,7604072004002,093/DDK/III/2023
615,POLEWALI MANDAR,TAPANGO,BATU,7604072005001,012/KPT/II/DSB/2023
616,POLEWALI MANDAR,TAPANGO,RISO,7604072006001,014/07.06/11/2023
617,POLEWALI MANDAR,TAPANGO,RISO,7604072006002,014/07.06/11/2023
618,POLEWALI MANDAR,TAPANGO,PALATTA,7604072007001,21 Tahun 2023
619,POLEWALI MANDAR,TAPANGO,TAPANGO BARAT,7604072008001,141/009/KPTS/III/2023
620,POLEWALI MANDAR,TAPANGO,KURRAK,7604072009001,14 Tahun 2023
621,POLEWALI MANDAR,TAPANGO,BUSSU,7604072010001,15 tahun 2023
622,POLEWALI MANDAR,TAPANGO,TUTTULA,7604072011001,015/SK-DT/III/Tahun 2023
623,POLEWALI MANDAR,TAPANGO,JAMBU MALEA,7604072012001,02/SK/DJM/III/2023
624,POLEWALI MANDAR,TAPANGO,KALIMBUA,7604072013001,09 Tahun 2023
625,POLEWALI MANDAR,TAPANGO,BANATO REJO,7604072014002,II/SKPT/07.13/1/2023
626,POLEWALI MANDAR,TAPANGO,BANATO REJO,7604072014003,II/SKPT/07.13/1/2023
627,POLEWALI MANDAR,MAPILLI,MAPILI,7604081001001,01/2024
628,POLEWALI MANDAR,MAPILLI,MAPILI,7604081001002,01/2024
629,POLEWALI MANDAR,MAPILLI,UGIBARU,7604082002004,01 /DUB/I/TAHUN 2024
630,POLEWALI MANDAR,MAPILLI,UGIBARU,7604082002005,01/DUB/I/TAHUN 2024
631,POLEWALI MANDAR,MAPILLI,RUMPA,7604082003001,15 TAHUN 2023
632,POLEWALI MANDAR,MAPILLI,RUMPA,7604082003002,15 TAHUN 2023
633,POLEWALI MANDAR,MAPILLI,KURMA,7604082005001,901/37/DK/I/2024
634,POLEWALI MANDAR,MAPILLI,KURMA,7604082005002,901/06/DK/I/2023
635,POLEWALI MANDAR,MAPILLI,BUKU,7604082007002,03 TAHUN 2023
636,POLEWALI MANDAR,MAPILLI,BUKU,7604082007003,03 TAHUN 2023
637,POLEWALI MANDAR,MAPILLI,BONNE BONNE,7604082009002,08 TAHUN 2024
638,POLEWALI MANDAR,MAPILLI,BONNE BONNE,7604082009003,08 TAHUN 2024
639,POLEWALI MANDAR,MAPILLI,BEROANGIN,7604082011001,02/2024
640,POLEWALI MANDAR,MAPILLI,SEGERANG,7604082015001,11/DSSGRG/I/2023
641,POLEWALI MANDAR,MAPILLI,BONRA,7604082016001,23/01/BNR/2024
642,POLEWALI MANDAR,MAPILLI,BONRA,7604082016002,23/01/BNR/2024
643,POLEWALI MANDAR,MAPILLI,SATTOKO,7604082017001,08/DSSTK/1/2023
644,POLEWALI MANDAR,MAPILLI,RAPPANG BARAT,7604082018001,11 TAHUN 2023
645,POLEWALI MANDAR,MAPILLI,RAPPANG BARAT,7604082018002,11 TAHUN 2023
646,POLEWALI MANDAR,MAPILLI,LANDI KANUSUANG,7604082019001,08 TAHUN 2023
647,POLEWALI MANDAR,MAPILLI,LANDI KANUSUANG,7604082019002,08 TAHUN 2023
648,POLEWALI MANDAR,MATANGNGA,MATANGNGA,7604091001003,05/SK-TPK-KEL-MTG/01/2024
649,POLEWALI MANDAR,MATANGNGA,LILLI,7604092002002,05/SK-TPK/I/2024
650,POLEWALI MANDAR,MATANGNGA,RANGOAN,7604092003002,08/SK-TPK/I/2024
651,POLEWALI MANDAR,MATANGNGA,TAPUA,7604092004002,04/SK-TPK-DT/01/2024
652,POLEWALI MANDAR,MATANGNGA,MAMBU TAPUA,7604092005002,12/SK-TPK-DMT/I/2023
653,POLEWALI MANDAR,MATANGNGA,BA'BA TAPUA,7604092006001,31/SK-TPK-DBT-III
654,POLEWALI MANDAR,MATANGNGA,KATIMBANG,7604092007001,05/SK-TPK-DK/I/2024
655,POLEWALI MANDAR,LUYO,BATUPANGA,7604101004002,46 TAHUN 2024
656,POLEWALI MANDAR,LUYO,BATUPANGA,7604101004003,46 TAHUN 2024
657,POLEWALI MANDAR,LUYO,MAMBU,7604102001001,46 TAHUN 2024
658,POLEWALI MANDAR,LUYO,MAMBU,7604102001002,46 TAHUN 2024
659,POLEWALI MANDAR,LUYO,TENGGELANG,7604102002001,46 TAHUN 2024
660,POLEWALI MANDAR,LUYO,TENGGELANG,7604102002002,46 TAHUN 2024
661,POLEWALI MANDAR,LUYO,BARU,7604102003002,46 Tahun 2024
662,POLEWALI MANDAR,LUYO,BARU,7604102003003,46 Tahun 2024
663,POLEWALI MANDAR,LUYO,BARU,7604102003004,46 Tahun 2024
664,POLEWALI MANDAR,LUYO,PUSSUI,7604102005001,46 Tahun 2024
665,POLEWALI MANDAR,LUYO,MAPILI BARAT,7604102006001,09/DMB/I/2024
666,POLEWALI MANDAR,LUYO,MAPILI BARAT,7604102006002,09/DMB/I/2024
667,POLEWALI MANDAR,LUYO,SAMBALI WALI,7604102007001,13/KPTS/II/2023
668,POLEWALI MANDAR,LUYO,SAMBALI WALI,7604102007002,13/KPTS/II/2023
669,POLEWALI MANDAR,LUYO,BATUPANGA DAALA,7604102008001,46 TAHUN 2024
670,POLEWALI MANDAR,LUYO,BATUPANGA DAALA,7604102008002,46 TAHUN 2024
671,POLEWALI MANDAR,LUYO,LUYO,7604102009001,46 TAHUN 2024
672,POLEWALI MANDAR,LUYO,LUYO,7604102009002,46 TAHUN 2024
673,POLEWALI MANDAR,LUYO,PUSSUI BARAT,7604102010001,46 Tahun 2024
674,POLEWALI MANDAR,LUYO,PUCCADI,7604102011001,20 Tahun 2024
675,POLEWALI MANDAR,LIMBORO,LIMBORO,7604111001001,01/KPTS/Kel.LBR/2024
676,POLEWALI MANDAR,LIMBORO,LIMBORO,7604111001002,01/KPTS/KEL.LBR/2024
677,POLEWALI MANDAR,LIMBORO,LEMBANG LEMBANG,7604112002002,Nomor 2 tahun 2022
678,POLEWALI MANDAR,LIMBORO,LEMBANG LEMBANG,7604112002003,Nomor 2 Tahun 2022
679,POLEWALI MANDAR,LIMBORO,TANDASURA,7604112003001,No 15 B
680,POLEWALI MANDAR,LIMBORO,SAMASUNDU,7604112004001,07/KPTS/DS-SM/1/2023
681,POLEWALI MANDAR,LIMBORO,NAPO,7604112005001,Nomor 12 Tahun 2021
682,POLEWALI MANDAR,LIMBORO,NAPO,7604112005002,12 Tahun 2021
683,POLEWALI MANDAR,LIMBORO,TODANG TODANG,7604112006001,02/DT/01/2024
684,POLEWALI MANDAR,LIMBORO,PENDULANGAN,7604112007001,104/DS.PDL/2021
685,POLEWALI MANDAR,LIMBORO,RENGGEANG,7604112008001,Nomor 16/DSR/2023
686,POLEWALI MANDAR,LIMBORO,SALARRI,7604112009001,07/D.SR/II/2022
687,POLEWALI MANDAR,LIMBORO,TANGAN BARU,7604112010001,13 Tahun 2021
688,POLEWALI MANDAR,LIMBORO,PALECE,7604112011001,Nomor 3 tahun 2022
689,POLEWALI MANDAR,BALANIPA,BALANIPA,7604121002002,800/KEL.BLN/16/I/2024
690,POLEWALI MANDAR,BALANIPA,BALANIPA,7604121002003,800/KEL.BLN/16/I/2024
691,POLEWALI MANDAR,BALANIPA,TAMMAJARRA,7604122001001,03/KPS/DS.T/1/2024
692,POLEWALI MANDAR,BALANIPA,TAMANGGALLE,7604122003001,12 TAHUN 2024
693,POLEWALI MANDAR,BALANIPA,TAMANGGALLE,7604122003002,12 TAHUN 2024
694,POLEWALI MANDAR,BALANIPA,MOSSO,7604122004001,08 TAHUN 2024
695,POLEWALI MANDAR,BALANIPA,GALUNG TULUK,7604122005001,140/35/SK-TPK/DGT/I/2024
696,POLEWALI MANDAR,BALANIPA,GALUNG TULUK,7604122005002,140/35/SK-TPK/DGT/I/2024
697,POLEWALI MANDAR,BALANIPA,SABANG SUBIK,7604122006001,12 TAHUN 2024
698,POLEWALI MANDAR,BALANIPA,SABANG SUBIK,7604122006002,12 TAHUN 2024
699,POLEWALI MANDAR,BALANIPA,PAMBUSUANG,7604122007001,06 TAHUN 2024
700,POLEWALI MANDAR,BALANIPA,PAMBUSUANG,7604122007002,06 TAHUN 2024
701,POLEWALI MANDAR,BALANIPA,PAMBUSUANG,7604122007003,06 TAHUN 2024
702,POLEWALI MANDAR,BALANIPA,BALA,7604122008001,11 TAHUN 2023
703,POLEWALI MANDAR,BALANIPA,BALA,7604122008002,11 TAHUN 2023
704,POLEWALI MANDAR,BALANIPA,BALA,7604122008003,11 TAHUN 2023
705,POLEWALI MANDAR,BALANIPA,LAMBANAN,7604122009001,03 TAHUN 2023
706,POLEWALI MANDAR,BALANIPA,LEGO,7604122010001,11 TAHUN 2024
707,POLEWALI MANDAR,BALANIPA,PALLIS,7604122011001,3 TAHUN 2024
708,POLEWALI MANDAR,ANREAPI,ANREAPI,7604131001003,B-05/KPTS/Kel-Anr/400/01/2024
709,POLEWALI MANDAR,ANREAPI,DUAMPANUA,7604132002001,SK/10/DD/1/2024
710,POLEWALI MANDAR,ANREAPI,DUAMPANUA,7604132002002,SK/10/DD/ 1/2024
711,POLEWALI MANDAR,ANREAPI,KELAPA DUA,7604132003001,12/SK-DK/1/2023
712,POLEWALI MANDAR,ANREAPI,KELAPA DUA,7604132003002,12/SK-DK/1/2023
713,POLEWALI MANDAR,ANREAPI,PAPPANDANGAN,7604132004001,09/SK-PD/1/2023
714,POLEWALI MANDAR,ANREAPI,KUNYI,7604132005001,440/010/DK/1/2024
715,POLEWALI MANDAR,MATAKALI,MATAKALI,7604141001001,149.3/10/KEM/2024
716,POLEWALI MANDAR,MATAKALI,MATAKALI,7604141001002,149.3/10/KEM/2024
717,POLEWALI MANDAR,MATAKALI,MATAKALI,7604141001003,149.3/10/KEM/2024
718,POLEWALI MANDAR,MATAKALI,PETAMPANUA,7604142002001,09/SK/DP/I/2024
719,POLEWALI MANDAR,MATAKALI,PETAMPANUA,7604142002002,09/SK/DP/I/2024
720,POLEWALI MANDAR,MATAKALI,PETAMPANUA,7604142002003,09/SK/DP/I/2024
721,POLEWALI MANDAR,MATAKALI,BARUMBUNG,7604142003001,03/SK/DB/II/2024
722,POLEWALI MANDAR,MATAKALI,BARUMBUNG,7604142003002,03/SK/DB/II/2024
723,POLEWALI MANDAR,MATAKALI,PASIANG,7604142004001,14/SK/DPS/2024
724,POLEWALI MANDAR,MATAKALI,PASIANG,7604142004002,14/SK/DPS/2024
725,POLEWALI MANDAR,MATAKALI,PASIANG,7604142004003,14/SK/DPS/2024
726,POLEWALI MANDAR,MATAKALI,TONROLIMA,7604142005001,010/DTL/III/2024
727,POLEWALI MANDAR,MATAKALI,TONROLIMA,7604142005002,010/DTL/III/2024
728,POLEWALI MANDAR,MATAKALI,INDOMAKKOMBONG,7604142006001,006/SK/01/2024
729,POLEWALI MANDAR,MATAKALI,INDOMAKKOMBONG,7604142006002,006/SK/01/2024
730,POLEWALI MANDAR,MATAKALI,BUNGA-BUNGA,7604142007002,026/SK/DBB/3/2024
731,POLEWALI MANDAR,ALLU,PETOOSANG,7604151009001,01 TAHUN 2023
732,POLEWALI MANDAR,ALLU,MOMBI,7604152002001,05 Tahun 2023
733,POLEWALI MANDAR,ALLU,MOMBI,7604152002002,05 Tahun 2023
734,POLEWALI MANDAR,ALLU,KALUMAMMANG,7604152003001,05 Tahun 2023
735,POLEWALI MANDAR,ALLU,PAO-PAO,7604152004001,06 TAHUN 2023
736,POLEWALI MANDAR,ALLU,PAO-PAO,7604152004002,07 TAHUN 2023
737,POLEWALI MANDAR,ALLU,PUPPU URING,7604152005001,03 Tahun 2023
738,POLEWALI MANDAR,ALLU,SARAGIAN,7604152006001,04 Tahun 2023
739,POLEWALI MANDAR,ALLU,SAYOANG,7604152007002,06 Tahun  2023
740,POLEWALI MANDAR,ALLU,ALU,7604152008001,08
741,POLEWALI MANDAR,ALLU,ALU,7604152008002,07 TAHUN 2023
742,POLEWALI MANDAR,BULO,BULO,7604162001001,140/SK.TPK/01/DB/2024
743,POLEWALI MANDAR,BULO,PULLIWA,7604162002002,09 tahun 2023
744,POLEWALI MANDAR,BULO,PULLIWA,7604162002003,09 tahun 2023
745,POLEWALI MANDAR,BULO,PATAMBANUA,7604162003001,03/SK-TPK/I/2024
746,POLEWALI MANDAR,BULO,KAROMBANG,7604162004001,003/SK.TPK/DKB/I/2024
747,POLEWALI MANDAR,BULO,DAALA TIMUR,7604162005001,05/SK.TPK/Tahun 2024
748,POLEWALI MANDAR,BULO,LENGGO,7604162006001,03/SK-TPK/DL/I/2024
749,POLEWALI MANDAR,BULO,SABURA,7604162007001,02/DS/I/2024
750,POLEWALI MANDAR,BULO,SEPPORRAKI,7604162008001,552/02/DS/I/2024
751,POLEWALI MANDAR,BULO,IHING,7604162009001,002/DI/1/2024
752,MAJENE,BANGGAE,BANGGAE,7605011001009,04/2023
753,MAJENE,BANGGAE,BANGGAE,7605011001010,04/2023
754,MAJENE,BANGGAE,BANGGAE,7605011001011,04/2023
755,MAJENE,BANGGAE,BARU,7605011003009,07 Tahun 2023
756,MAJENE,BANGGAE,BARU,7605011003010,07 Tahun 2023
757,MAJENE,BANGGAE,BARU,7605011003011,07 Tahun 2023
758,MAJENE,BANGGAE,PANGALI ALI,7605011007003,13/KEP-LUR/KL-PA/I/2023
759,MAJENE,BANGGAE,PANGALI ALI,7605011007007,13/KEP-LUR/KL-PA/I/2023
760,MAJENE,BANGGAE,PANGALI ALI,7605011007008,13/KEP-LUR/KL-PA/I/2023
761,MAJENE,BANGGAE,PANGALI ALI,7605011007009,13/KEP-LUR/KL-PA/I/2023
762,MAJENE,BANGGAE,PANGALI ALI,7605011007010,13/KEP-LUR/KL-PA/I/2023
763,MAJENE,BANGGAE,PANGALI ALI,7605011007011,NOMOR : 13/KEP-LUR/KL-PA/I/2023
764,MAJENE,BANGGAE,TOTOLI,7605011009004,10 TAHUN 2023
765,MAJENE,BANGGAE,TOTOLI,7605011009005,10 TAHUN 2023
766,MAJENE,BANGGAE,TOTOLI,7605011009006,10 TAHUN 2023
767,MAJENE,BANGGAE,RANGAS,7605011010005,05 TAHUN 2023
768,MAJENE,BANGGAE,RANGAS,7605011010006,05 TAHUN 2023
769,MAJENE,BANGGAE,RANGAS,7605011010007,05 TAHUN 2023
770,MAJENE,BANGGAE,RANGAS,7605011010008,05 TAHUN 2023
771,MAJENE,BANGGAE,GALUNG,7605011013003,04/2023
772,MAJENE,BANGGAE,GALUNG,7605011013004,02 TAHUN 2023
773,MAJENE,BANGGAE,PALIPI SOREANG,7605012011003,001/11/2023
774,MAJENE,BANGGAE,PALIPI SOREANG,7605012011004,001/11/2023
775,MAJENE,BANGGAE,PAMBOBORANG,7605012012003,15/DS-P/KTPS/II/2023
776,MAJENE,BANGGAE,PAMBOBORANG,7605012012004,15/DS-PB/KTPS/II/2023
777,MAJENE,PAMBOANG,LALAMPANUA,7605021001001,06/KEP-KL/I/2024
778,MAJENE,PAMBOANG,LALAMPANUA,7605021001002,06/KEP-KL/I/2024
779,MAJENE,PAMBOANG,SIRINDU,7605021002001,01/HK/KEP-BUP/I/2023
780,MAJENE,PAMBOANG,ADOLANG,7605022003001,038/KPTS/DADH/I/2024
781,MAJENE,PAMBOANG,BABABULO,7605022004001,01/HK/KEP-BUP/I/2023
782,MAJENE,PAMBOANG,BONDE,7605022005001,01/HK/KEP-BUP/I/2023
783,MAJENE,PAMBOANG,BONDE,7605022005002,01/HK/KEP-BUP/I/2023
784,MAJENE,PAMBOANG,BETTENG,7605022006001,01/HK/KEP-BUP/I/2023
785,MAJENE,PAMBOANG,SIMBANG,7605022007001,14 TAHUN 2024
786,MAJENE,PAMBOANG,BONDE UTARA,7605022008001,32/SK-KD/I/2024
787,MAJENE,PAMBOANG,BONDE UTARA,7605022008002,32/SK-KD/I/2024
788,MAJENE,PAMBOANG,BABABULO UTARA,7605022009001,01/HK/KEP-BUP/I/2023
789,MAJENE,PAMBOANG,BUTTU PAMBOANG,7605022010001,01/HK/KEP-BUP/I/2023
790,MAJENE,PAMBOANG,BANUA ADOLANG,7605022011001,01/HK/KEP-BUP/I/2023
791,MAJENE,PAMBOANG,ADOLANG DHUA,7605022012001,15/KPTS/DADH/1/2024
792,MAJENE,PAMBOANG,TINAMBUNG,7605022013001,01/HK/KEP-BUP/I/2023
793,MAJENE,PAMBOANG,TINAMBUNG,7605022013002,01/HK/KEP-BUP/I/2023
794,MAJENE,PAMBOANG,PESULOANG,7605022014001,2/KEP-DS-PSL/I/2024
795,MAJENE,PAMBOANG,BALOMBONG,7605022015001,01/HK/KEP-BUP/I/2023
796,MAJENE,SENDANA,MOSSO,7605031001002,16 TAHUN 2024
797,MAJENE,SENDANA,MOSSO,7605031001003,16 TAHUN 2024
798,MAJENE,SENDANA,MOSSO DHUA,7605031002003,456/HK/KEP-BUP/V/2024
799,MAJENE,SENDANA,MOSSO DHUA,7605031002005,456/HK/KEP-BUP/V/2024
800,MAJENE,SENDANA,TOTOLISI SENDANA,7605032004002,456/HK/KEP-BUP/V/2024
801,MAJENE,SENDANA,TALLUBANUA,7605032007001,24 TAHUN 2024
802,MAJENE,SENDANA,LALATEDZONG,7605032015001,21 TAHUN 2024
803,MAJENE,SENDANA,BINANGA,7605032016001,TAHUN 2024
804,MAJENE,SENDANA,PUTTADA,7605032017001,30/KEP-KADES/I/2024
805,MAJENE,SENDANA,PAMINGGALAN,7605032018001,05/kep/DS-PM/2024
806,MAJENE,SENDANA,LEPPANGANG,7605032019001,10/KEP-KPL/DS-LPG/I/2024
807,MAJENE,SENDANA,PUNDAU,7605032020001,24 TAHUN 2024
808,MAJENE,SENDANA,SENDANA,7605032021001,TAHUN 2024
809,MAJENE,SENDANA,BANUA SENDANA,7605032022001,18/Kep-DBS/I/2024
810,MAJENE,SENDANA,TALLUBANUA UTARA,7605032023001,14 tAHUN 2024
811,MAJENE,SENDANA,TALLUBANUA UTARA,7605032023002,14 TAHUN 2024
812,MAJENE,SENDANA,LIMBORO RAMBU-RAMBU,7605032024001,08 TAHUN 2024
813,MAJENE,SENDANA,LIMBUA,7605032025001,TAHUN 2024
814,MAJENE,SENDANA,BUKIT SAMANG,7605032026001,06/SK/KEP-KADES/I/2024
815,MAJENE,MALUNDA,MALUNDA,7605041001001,04 TAHUN 2024
816,MAJENE,MALUNDA,MALUNDA,7605041001002,05 TAHUN 2024
817,MAJENE,MALUNDA,LAMUNGANG BATU,7605041015001,100/72/2023
818,MAJENE,MALUNDA,LAMUNGANG BATU,7605041015002,100/72/2023
819,MAJENE,MALUNDA,BAMBANGAN,7605042002002,466/07/II/2024
820,MAJENE,MALUNDA,LOMBANG,7605042004001,HK/KEP-BUP/I/2024
821,MAJENE,MALUNDA,LOMBONG,7605042005001,20 TAHUN 2024
822,MAJENE,MALUNDA,MEKKATTA,7605042006001,28/KEP-KADES/DM/II/2024
823,MAJENE,MALUNDA,MEKKATTA,7605042006002,28/KEP-KADES/DM/II/2024
824,MAJENE,MALUNDA,MALIAYA,7605042010002,20 TAHUN 2023
825,MAJENE,MALUNDA,LOMBANG TIMUR,7605042011001,10/HK/KEP-BUP/I/2022
826,MAJENE,MALUNDA,SALUTAHONGAN,7605042012001,10/HK/KEP-BUP/I/2023
827,MAJENE,MALUNDA,LOMBONG TIMUR,7605042013001,001/SK/DLT/II/2023
828,MAJENE,MALUNDA,MEKKATTA SELATAN,7605042014001,21 TAHUN 2023
829,MAJENE,MALUNDA,KAYUANGIN,7605042016001,140/01/DSK/II/2023
830,MAJENE,ULUMANDA,KABIRAAN,7605052001001,03/DSK/I/2024
831,MAJENE,ULUMANDA,SAMBABO,7605052002001,03/DSS/I/2024
832,MAJENE,ULUMANDA,TANDEALLO,7605052003001,05/DST/I/2024
833,MAJENE,ULUMANDA,ULUMANDA,7605052004001,04/DSU/I/2024
834,MAJENE,ULUMANDA,SALUTAMBUNG,7605052005001,03/DSL/I/2024
835,MAJENE,ULUMANDA,POPENGA,7605052006001,06/DSP/I/2024
836,MAJENE,ULUMANDA,SULAI,7605052007001,03/DSS/I/2024
837,MAJENE,ULUMANDA,PANGGALO,7605052008001,04/DSP/I/2024
838,MAJENE,TAMMERODO SENDANA,SEPPONG,7605062001001,19 TAHUN 2024
839,MAJENE,TAMMERODO SENDANA,TAMMERODO,7605062002001,15/SK/DS.T/I/2024
840,MAJENE,TAMMERODO SENDANA,TAMMERODO,7605062002002,15/SK/DS-T/I/2024
841,MAJENE,TAMMERODO SENDANA,ULIDANG,7605062003001,15 TAHUN 2024
842,MAJENE,TAMMERODO SENDANA,ULIDANG,7605062003002,15 TAHUN 2024
843,MAJENE,TAMMERODO SENDANA,TALLAMBALAO,7605062004001,05/SK/I/2024
844,MAJENE,TAMMERODO SENDANA,TALLAMBALAO,7605062004002,05/SK/I/2024
845,MAJENE,TAMMERODO SENDANA,TAMMERODO UTARA,7605062005001,04/SK/DS.TU/I/2024
846,MAJENE,TAMMERODO SENDANA,MANYAMBA,7605062006001,10 TAHUN 2024
847,MAJENE,TAMMERODO SENDANA,AWO,7605062007001,001/DS-Awo/I/2024/SKKD
848,MAJENE,TUBO SENDANA,ONANG,7605072001002,05 TAHUN 2024
849,MAJENE,TUBO SENDANA,TUBO,7605072002002,03 TAHUN 2024
850,MAJENE,TUBO SENDANA,ONANG UTARA,7605072003002,03 TAHUN 2024
851,MAJENE,TUBO SENDANA,TUBO SELATAN,7605072004002,02/2024
852,MAJENE,TUBO SENDANA,BONDE BONDE,7605072005002,32/KPTS/I/2024
853,MAJENE,TUBO SENDANA,TUBO TENGAH,7605072006002,11/KTPS/I/2024
854,MAJENE,TUBO SENDANA,TUBO POANG,7605072007002,06/ TAHUN/ 2024
855,MAJENE,BANGGAE TIMUR,BAURUNG,7605081001001,09/364/2023
856,MAJENE,BANGGAE TIMUR,BAURUNG,7605081001002,09/364/2023
857,MAJENE,BANGGAE TIMUR,BAURUNG,7605081001003,09/364/2023
858,MAJENE,BANGGAE TIMUR,BARUGA,7605081002001,08/KL-BRG/II/2023
859,MAJENE,BANGGAE TIMUR,BARUGA DHUA,7605081003001,400/020/2023
860,MAJENE,BANGGAE TIMUR,LABUANG,7605081004001,005/05/KL-LB/II/2023
861,MAJENE,BANGGAE TIMUR,LABUANG,7605081004002,005/05/KL-LB/II/2023
862,MAJENE,BANGGAE TIMUR,LABUANG,7605081004003,005/05/KL-LB/II/2023
863,MAJENE,BANGGAE TIMUR,TANDE,7605081005001,05/SK/KEL.TD/II/2023
864,MAJENE,BANGGAE TIMUR,TANDE,7605081005002,05/SK/KEL-TD/II/2023
865,MAJENE,BANGGAE TIMUR,LEMBANG,7605081006001,07 Tahun 2023
866,MAJENE,BANGGAE TIMUR,LEMBANG,7605081006003,07 Tahun 2023
867,MAJENE,BANGGAE TIMUR,LEMBANG,7605081006004,07 Tahun 2023
868,MAJENE,BANGGAE TIMUR,LABUANG UTARA,7605081007001,05 Tahun 2023
869,MAJENE,BANGGAE TIMUR,LABUANG UTARA,7605081007002,05 Tahun 2023
870,MAJENE,BANGGAE TIMUR,LABUANG UTARA,7605081007003,05 Tahun 2023
871,MAJENE,BANGGAE TIMUR,TANDE TIMUR,7605081008001,08/KEL-TDT/I/2024
872,MAJENE,BANGGAE TIMUR,BUTTU BARUGA,7605082009001,14/SK/DS.BB/II/2023
873,MAMUJU TENGAH,TOBADAK,MAHAHE,7606012001001,140/014/DS-MH/I/2024
874,MAMUJU TENGAH,TOBADAK,SALOBAJA,7606012002001,31/DS-SLBJ/1/2024
875,MAMUJU TENGAH,TOBADAK,SALOBAJA,7606012002002,31/DS-SLBJ/I/2023
876,MAMUJU TENGAH,TOBADAK,TOBADAK,7606012003002,01/SK/DS.TBD/I/2024
877,MAMUJU TENGAH,TOBADAK,TOBADAK,7606012003003,01/SK/DS.TBD/I/2024
878,MAMUJU TENGAH,TOBADAK,TOBADAK,7606012003004,"01/SK/DS,TBD/I/2024"
879,MAMUJU TENGAH,TOBADAK,TOBADAK,7606012003005,01/SK/DS.TBD/I/2024
880,MAMUJU TENGAH,TOBADAK,PALONGAAN,7606012004001,15 /2024
881,MAMUJU TENGAH,TOBADAK,PALONGAAN,7606012004003,22/2024
882,MAMUJU TENGAH,TOBADAK,BATU PARIGI,7606012005001,20/2024
883,MAMUJU TENGAH,TOBADAK,BATU PARIGI,7606012005002,20/2024
884,MAMUJU TENGAH,TOBADAK,BATU PARIGI,7606012005003,20/2024
885,MAMUJU TENGAH,TOBADAK,BATU PARIGI,7606012005004,20/2024
886,MAMUJU TENGAH,TOBADAK,BAMBADARU,7606012006001,140/21/SK.TPK/DS-BDR/I/2024
887,MAMUJU TENGAH,TOBADAK,BAMBADARU,7606012006002,140/21/SK.TPK/DS-BDR/I/2024
888,MAMUJU TENGAH,TOBADAK,SEJATI,7606012007001,015/SK/DS-SJT/I/2024
889,MAMUJU TENGAH,TOBADAK,SALOADAK,7606012008001,015/KEP/TPK/DS-SLD/III/2024
890,MAMUJU TENGAH,PANGALE,POLO PANGALE,7606022001001,17 Tahun 2024
891,MAMUJU TENGAH,PANGALE,PANGALE,7606022002001,000/007/SK/TPK/DP/I/2024
892,MAMUJU TENGAH,PANGALE,PANGALE,7606022002002,000/008/SK/TPK/DP/I/2024
893,MAMUJU TENGAH,PANGALE,SARTANAMAJU,7606022003001,29/SK/D.STM/I/2024
894,MAMUJU TENGAH,PANGALE,POLO LERENG,7606022004001,011/DS-PL/I/2024
895,MAMUJU TENGAH,PANGALE,POLO LERENG,7606022004002,010/DS-PL/I/2024
896,MAMUJU TENGAH,PANGALE,KUO,7606022005001,141/9/SKPT/I/2024/DK
897,MAMUJU TENGAH,PANGALE,POLO CAMBA,7606022006001,15 TAHUN 2024
898,MAMUJU TENGAH,PANGALE,LAMBA-LAMBA,7606022007001,016/TPK/I/2024/DLB
899,MAMUJU TENGAH,PANGALE,KOMBILING,7606022008001,11/SK-TPK/DS-K/I/2024
900,MAMUJU TENGAH,PANGALE,LEMO-LEMO,7606022009001,016/SK-TPK/DS-LM/I/2024
901,MAMUJU TENGAH,BUDONG-BUDONG,BABANA,7606032001001,08.a TAHUN 2024
902,MAMUJU TENGAH,BUDONG-BUDONG,BABANA,7606032001002,08.a TAHUN 2024
903,MAMUJU TENGAH,BUDONG-BUDONG,BABANA,7606032001003,08.a  TAHUN 2024
904,MAMUJU TENGAH,BUDONG-BUDONG,LUMU,7606032002001,015/SK-TPK/DLM/I/2024
905,MAMUJU TENGAH,BUDONG-BUDONG,PONTANAKAYANG,7606032003001,10 TAHUN  2024
906,MAMUJU TENGAH,BUDONG-BUDONG,SALOGATTA,7606032004001,10 TAHUN 2024
907,MAMUJU TENGAH,BUDONG-BUDONG,KIRE,7606032005001,814/14/02/SK/I/2024/DSK
908,MAMUJU TENGAH,BUDONG-BUDONG,KIRE,7606032005002,814/02/02/SK/I/2024/DSK
909,MAMUJU TENGAH,BUDONG-BUDONG,TINALI,7606032006003,09/SK/I/D-TL/2024
910,MAMUJU TENGAH,BUDONG-BUDONG,SALUMANURUNG,7606032007001,140/013/SK/I/2024/D.SLM
911,MAMUJU TENGAH,BUDONG-BUDONG,PASAPA,7606032008001,26 TAHUN 2024
912,MAMUJU TENGAH,BUDONG-BUDONG,BOJO,7606032009001,474.4/008/SK TAHUN 2024
913,MAMUJU TENGAH,BUDONG-BUDONG,BOJO,7606032009002,474.4/008/SK TAHUN 2024
914,MAMUJU TENGAH,BUDONG-BUDONG,BARAKKANG,7606032010001,18 TAHUN 2024
915,MAMUJU TENGAH,BUDONG-BUDONG,LEMBAH HADA,7606032011001,842://007/I/TPK/DLH/2024
916,MAMUJU TENGAH,TOPOYO,BUDONG-BUDONG,7606042001001,145/34/II/2024/DBB
917,MAMUJU TENGAH,TOPOYO,TOPOYO,7606042002001,20 Tahun 2024
918,MAMUJU TENGAH,TOPOYO,TOPOYO,7606042002002,20 Tahun 2024
919,MAMUJU TENGAH,TOPOYO,TUMBU,7606042003001,021/I/2024
920,MAMUJU TENGAH,TOPOYO,TUMBU,7606042003002,021/I/2024
921,MAMUJU TENGAH,TOPOYO,KABUBU,7606042004001,1 tahun 2023
922,MAMUJU TENGAH,TOPOYO,WAEPUTEH,7606042005001,03/SK/2005/I/2024
923,MAMUJU TENGAH,TOPOYO,TANGKOU,7606042006001,23 Tahun 2024
924,MAMUJU TENGAH,TOPOYO,TABOLANG,7606042007001,10 Tahun 2024
925,MAMUJU TENGAH,TOPOYO,PARAILI,7606042008001,010 Tahun 2024
926,MAMUJU TENGAH,TOPOYO,SALUPANGKANG,7606042009001,18/I/SL-DES/2023/DS-SLP
927,MAMUJU TENGAH,TOPOYO,SALUPANGKANG IV,7606042010001,140/SK/17/DSP-IV/I/2023
928,MAMUJU TENGAH,TOPOYO,TAPPILINA,7606042011001,145/007/SK-TPK/I/2024/Ds-TPL
929,MAMUJU TENGAH,TOPOYO,BAMBAMANURUNG,7606042012002,500/012/SK DS-BM/1/2024
930,MAMUJU TENGAH,TOPOYO,SALULEKBO,7606042013001,13 Tahun 2024
931,MAMUJU TENGAH,TOPOYO,SALULEKBO,7606042013002,13 Tahun 2024
932,MAMUJU TENGAH,TOPOYO,PANGALLOANG,7606042014001,20/014/KPTS/DS.P/I/2024
933,MAMUJU TENGAH,TOPOYO,SINABATTA,7606042015001,814/007/SK/I/2024/DS
934,MAMUJU TENGAH,KAROSSA,KAROSSA,7606052001001,16/SK-TPK/DK/2024
935,MAMUJU TENGAH,KAROSSA,KAROSSA,7606052001002,16/SK-TPK/DK/2024
936,MAMUJU TENGAH,KAROSSA,KAROSSA,7606052001003,05/SK-TPK/I/D-LIII/2024
937,MAMUJU TENGAH,KAROSSA,TASOKKO,7606052002002,16 TAHUN 2024
938,MAMUJU TENGAH,KAROSSA,TASOKKO,7606052002003,16 TAHUN 2024
939,MAMUJU TENGAH,KAROSSA,LARA,7606052003001,011/SK-TPK/I/2024/DSL
940,MAMUJU TENGAH,KAROSSA,LARA,7606052003002,05/SK-TPK/I/2-24/DSL
941,MAMUJU TENGAH,KAROSSA,KADAILA,7606052004002,24/SK-TPK/I/2024/DK
942,MAMUJU TENGAH,KAROSSA,KAYU CALLA,7606052005001,012/SK-TPK/I/2023/DKC
943,MAMUJU TENGAH,KAROSSA,LEMBAH HOPO,7606052006005,24 Tahun 2024
944,MAMUJU TENGAH,KAROSSA,BENGGAULU,7606052007004,24/SK-TPK/I/2024/DB
945,MAMUJU TENGAH,KAROSSA,BENGGAULU,7606052007005,07 TAHUN 2024
946,MAMUJU TENGAH,KAROSSA,SUKA MAJU,7606052008001,005 Tahun 2024
947,MAMUJU TENGAH,KAROSSA,SUKA MAJU,7606052008002,005 TAHUN 2024
948,MAMUJU TENGAH,KAROSSA,KAMBUNONG,7606052009003,022/SK-TPK/I/2024/DK
949,MAMUJU TENGAH,KAROSSA,KAMBUNONG,7606052009004,022/SK-TPK/I/2024/DK
950,MAMUJU TENGAH,KAROSSA,KAMBUNONG,7606052009005,022/SK-TPK/I/2024/DK
951,MAMUJU TENGAH,KAROSSA,SALUBIRO,7606052010001,03 TAHUN 2024
952,MAMUJU TENGAH,KAROSSA,SANJANGO,7606052011001,140/011/SKKD/DSJ/I/2023
